Date,MXWO,MXWD,LEGATRUU,HFRXGL,RX1,TY1,GC1,CO1,ES1,VG1,NQ1,LLL1,TP1,DU1,TU2
23/10/2007,1633.440,414.140,350.214,1343.630,113.700,110.516,759.000,82.850,1525.500,4393.000,2212.000,1287.000,1570.500,103.385,103.719
30/10/2007,1663.890,423.260,352.541,1356.530,113.790,110.656,787.800,87.440,1536.000,4476.000,2217.750,1323.900,1610.500,103.410,103.813
06/11/2007,1651.590,419.510,354.176,1360.200,113.790,110.875,823.400,93.260,1525.000,4425.000,2233.500,1320.000,1575.500,103.410,104.047
13/11/2007,1601.810,405.980,357.222,1347.160,114.350,111.719,799.000,88.830,1483.250,4323.000,2066.750,1271.000,1440.500,103.595,104.305
20/11/2007,1570.740,398.540,359.445,1335.210,114.720,113.156,791.400,95.490,1446.000,4296.000,2035.500,1225.200,1472.500,103.800,104.945
27/11/2007,1561.930,395.110,361.765,1325.030,115.080,113.953,814.000,92.520,1426.500,4241.000,2032.500,1196.200,1485.000,103.925,105.102
04/12/2007,1593.080,404.260,361.240,1331.550,115.180,114.656,801.300,89.530,1463.250,4351.000,2062.250,1240.000,1512.000,103.730,105.313
11/12/2007,1619.770,411.450,357.378,1337.570,113.740,114.391,811.400,89.990,1478.000,4458.000,2090.000,1239.000,1568.000,103.585,105.172
18/12/2007,1556.840,394.000,353.410,1323.530,113.180,113.641,803.000,90.120,1455.750,4317.000,2029.250,1180.500,1467.500,103.345,104.828
25/12/2007,1592.400,403.780,352.217,1325.460,112.950,112.094,812.800,92.700,1506.500,4398.630,2148.000,1261.800,1505.000,103.325,104.742
01/01/2008,1588.800,403.260,357.535,1330.620,113.110,113.391,838.000,93.850,1477.250,4435.000,2104.750,1233.100,1470.000,103.355,105.125
08/01/2008,1526.910,388.390,361.832,1322.420,114.680,115.156,880.300,95.540,1397.000,4333.000,1928.500,1199.500,1401.000,103.665,105.719
15/01/2008,1494.110,380.130,366.535,1314.230,115.810,116.094,902.600,90.980,1388.000,4176.000,1912.000,1182.700,1348.500,103.995,106.125
22/01/2008,1391.490,351.340,365.550,1290.400,116.070,117.828,890.300,88.450,1309.250,3789.000,1801.000,1091.100,1213.000,104.435,106.711
29/01/2008,1458.250,368.630,366.092,1290.070,116.090,116.531,925.100,92.000,1362.000,3828.000,1812.000,1114.000,1328.000,104.295,106.359
05/02/2008,1436.180,364.580,366.714,1310.000,117.380,117.438,885.900,88.820,1343.250,3731.000,1785.000,1098.200,1357.500,104.745,106.898
12/02/2008,1438.120,364.050,364.654,1305.190,116.460,116.891,907.400,92.860,1349.750,3816.000,1790.000,1119.600,1278.000,104.850,106.875
19/02/2008,1453.420,369.420,363.725,1312.880,116.210,115.625,926.600,98.560,1355.500,3816.000,1781.500,1156.200,1346.000,104.835,106.625
26/02/2008,1487.420,377.750,364.779,1320.790,115.410,115.953,946.100,99.470,1382.750,3863.000,1796.750,1194.500,1356.500,104.435,106.703
04/03/2008,1432.950,364.160,374.133,1325.390,117.750,118.578,966.300,97.520,1327.000,3615.000,1742.500,1127.700,1264.000,104.805,107.484
11/03/2008,1420.860,360.780,373.748,1313.430,117.470,118.703,976.000,105.250,1324.000,3615.000,1750.500,1155.600,1229.500,105.040,107.180
18/03/2008,1424.580,359.640,382.031,1302.560,117.590,120.703,1004.300,105.560,1332.500,3558.000,1764.750,1109.000,1152.500,105.085,107.352
25/03/2008,1448.570,366.430,378.637,1280.920,116.250,118.531,935.000,100.600,1351.500,3552.000,1826.000,1123.300,1243.000,104.425,106.922
01/04/2008,1467.760,371.150,376.127,1292.000,115.340,117.719,882.900,100.170,1370.500,3674.000,1857.750,1165.900,1236.000,104.350,106.820
08/04/2008,1486.770,376.900,377.424,1300.300,114.960,117.469,914.000,106.340,1371.000,3724.000,1854.750,1168.000,1284.000,104.230,106.750
15/04/2008,1456.900,370.080,379.112,1300.710,115.530,117.406,928.700,111.310,1336.000,3604.000,1796.750,1153.600,1252.500,104.345,106.836
22/04/2008,1503.290,381.950,377.615,1311.030,113.760,116.250,922.300,115.950,1380.750,3661.000,1895.000,1187.600,1312.500,103.560,106.023
29/04/2008,1510.020,383.110,373.181,1311.130,114.050,115.391,876.800,113.430,1391.250,3731.000,1939.000,1174.500,1361.000,103.845,105.758
06/05/2008,1537.270,390.540,373.046,1313.220,113.980,114.844,877.700,120.310,1420.750,3796.000,1999.000,1237.000,1375.500,103.815,105.750
13/05/2008,1526.120,387.670,372.650,1316.180,114.350,114.922,869.600,124.100,1404.750,3773.000,2006.000,1207.300,1364.500,103.705,105.508
20/05/2008,1547.880,393.600,375.337,1325.750,113.580,115.969,920.200,127.840,1417.500,3813.000,2009.500,1232.700,1402.000,103.390,105.844
27/05/2008,1512.950,384.210,373.295,1326.930,112.700,114.813,907.900,128.310,1384.750,3708.000,1993.000,1194.900,1368.000,103.005,105.508
03/06/2008,1509.230,383.320,370.042,1327.020,111.610,115.672,881.600,124.580,1378.500,3743.000,1998.250,1188.100,1402.000,102.745,105.781
10/06/2008,1469.130,372.350,365.263,1330.630,111.170,113.734,867.900,131.020,1356.250,3580.000,1973.250,1146.900,1383.500,102.370,104.891
17/06/2008,1468.740,372.480,364.120,1324.760,110.200,113.063,884.300,133.720,1351.000,3558.000,1976.500,1133.500,1406.000,102.190,104.867
24/06/2008,1421.080,359.820,366.739,1323.810,110.580,112.938,889.200,136.460,1315.500,3434.000,1911.500,1105.000,1351.500,102.410,105.070
01/07/2008,1392.580,352.560,369.507,1315.500,110.400,113.875,944.500,140.670,1286.250,3321.000,1869.000,1072.200,1322.000,102.305,105.578
08/07/2008,1365.940,344.850,370.695,1302.420,112.140,115.234,923.300,136.430,1273.750,3313.000,1868.500,1044.300,1278.500,102.695,105.500
15/07/2008,1323.970,335.200,376.523,1298.560,112.420,115.422,978.700,138.750,1211.500,3171.000,1799.000,1006.100,1253.000,102.845,105.695
22/07/2008,1377.580,347.950,369.749,1282.410,110.210,113.469,948.500,129.550,1274.250,3350.000,1824.000,1036.000,1292.500,102.340,105.055
29/07/2008,1353.230,341.740,369.115,1276.380,111.640,114.109,916.500,122.710,1261.750,3344.000,1842.000,1027.300,1280.500,102.790,105.313
05/08/2008,1360.740,342.810,369.345,1276.250,112.900,114.703,878.600,117.700,1283.000,3395.000,1869.000,1000.900,1246.500,102.940,105.523
12/08/2008,1357.050,341.340,364.627,1262.700,113.800,115.719,808.200,111.150,1291.500,3445.000,1944.750,970.000,1273.000,103.310,105.750
19/08/2008,1314.420,330.280,363.365,1258.450,114.330,116.266,811.100,113.250,1268.500,3292.000,1919.250,938.300,1234.500,103.445,106.047
26/08/2008,1321.830,331.780,363.517,1259.470,114.650,116.781,822.200,114.630,1271.750,3310.000,1891.500,938.100,1227.500,103.380,106.055
02/09/2008,1328.560,332.910,362.395,1262.500,114.210,117.391,806.600,108.340,1276.500,3419.000,1851.750,924.000,1214.000,103.190,106.313
09/09/2008,1264.910,316.370,361.995,1248.380,115.080,117.859,788.100,100.340,1226.500,3266.000,1728.750,840.400,1192.500,103.730,106.438
16/09/2008,1228.090,304.930,362.153,1235.830,115.430,118.984,777.100,89.220,1214.250,3084.000,1726.250,806.700,1112.000,104.085,106.969
23/09/2008,1249.660,311.500,362.368,1218.430,113.300,114.859,885.900,103.080,1187.000,3162.000,1650.500,810.500,1161.000,103.720,106.555
30/09/2008,1182.440,294.790,355.945,1196.000,115.070,114.625,874.200,98.170,1169.000,3062.000,1604.500,805.200,1086.000,104.380,106.719
07/10/2008,1039.720,257.960,357.210,1148.830,117.050,117.141,878.400,84.660,1005.750,2878.000,1336.500,610.200,981.000,104.960,107.602
14/10/2008,1022.590,254.680,349.413,1083.250,113.990,112.141,836.300,74.530,1002.250,2761.000,1366.000,648.300,980.000,104.795,106.945
21/10/2008,972.120,239.820,347.872,1090.790,115.240,114.500,766.100,69.720,959.250,2589.000,1292.500,550.100,951.000,105.345,106.805
28/10/2008,892.190,218.290,342.247,1070.110,117.220,114.359,739.300,60.290,938.750,2326.000,1308.000,523.000,793.500,105.980,106.867
04/11/2008,1007.650,248.640,347.138,1065.500,116.680,115.125,757.300,66.440,1003.250,2753.000,1380.500,631.000,915.000,105.975,107.086
11/11/2008,906.280,224.130,346.005,1066.000,118.040,116.000,732.800,55.710,893.000,2491.000,1223.000,555.000,887.000,106.330,107.367
18/11/2008,861.510,212.010,346.208,1050.850,118.760,118.469,732.700,51.840,866.500,2385.000,1174.000,510.300,836.500,106.595,107.492
25/11/2008,863.240,212.390,354.224,1034.060,120.830,121.172,818.500,50.350,853.250,2392.000,1135.500,503.900,831.000,106.455,108.203
02/12/2008,846.740,208.730,356.199,1033.130,123.470,125.250,781.300,45.440,849.000,2359.000,1133.000,522.900,789.500,106.695,108.219
09/12/2008,887.650,219.270,357.572,1026.070,122.170,125.906,772.400,41.530,889.500,2483.000,1217.000,544.000,819.000,106.495,108.258
16/12/2008,917.070,227.160,370.228,1026.130,122.990,129.203,841.700,44.560,913.500,2452.000,1239.000,610.700,828.000,106.870,108.742
23/12/2008,888.310,220.110,374.499,1022.910,124.920,127.141,837.200,40.360,858.500,2394.000,1184.500,556.500,849.500,107.465,108.719
30/12/2008,915.970,226.680,377.516,1021.400,124.840,127.297,870.000,40.150,888.250,2450.000,1206.000,567.500,862.000,107.470,109.047
06/01/2009,949.690,235.810,366.521,1022.540,123.430,124.359,866.000,50.530,930.500,2576.000,1271.000,625.200,873.000,107.455,108.977
13/01/2009,889.420,220.170,369.994,1034.610,125.120,126.219,820.700,44.830,868.500,2411.000,1204.000,554.800,809.500,107.880,108.672
20/01/2009,822.610,203.940,365.161,1030.310,124.980,126.266,855.200,43.620,806.000,2200.000,1147.500,499.200,803.500,107.875,108.773
27/01/2009,854.460,211.120,366.783,1032.120,122.720,124.719,899.500,43.730,839.250,2228.000,1185.750,531.800,808.500,107.515,108.539
03/02/2009,843.770,208.970,364.122,1031.700,122.180,122.547,892.000,44.080,831.500,2244.000,1207.750,537.400,768.000,107.865,108.320
10/02/2009,846.420,210.930,364.723,1035.400,122.350,123.094,913.700,44.610,827.000,2286.000,1232.500,543.100,779.500,107.930,108.477
17/02/2009,796.670,198.250,360.756,1036.170,125.760,124.438,967.000,41.030,785.500,2124.000,1182.500,512.000,759.000,108.495,108.586
24/02/2009,767.790,191.090,357.621,1034.460,125.690,122.859,969.100,42.500,768.750,1985.000,1163.500,513.400,734.000,108.250,108.398
03/03/2009,705.350,176.100,352.902,1027.780,125.350,122.688,913.600,43.700,689.500,1873.000,1072.000,465.100,722.000,108.455,108.508
10/03/2009,725.260,181.570,354.056,1027.000,124.490,122.344,895.900,43.960,716.000,1918.000,1106.000,515.900,704.000,108.055,108.391
17/03/2009,778.580,195.000,355.822,1025.140,122.610,122.391,916.800,48.240,778.750,2010.000,1191.250,557.600,754.500,107.910,108.344
24/03/2009,824.070,206.700,364.738,1027.960,123.040,124.188,923.800,53.500,803.500,2057.000,1236.250,583.000,804.500,107.955,108.672
31/03/2009,805.220,202.040,362.460,1033.000,124.430,124.078,922.600,49.230,794.750,1993.000,1237.500,582.800,777.000,108.295,108.945
07/04/2009,832.790,209.970,360.519,1029.240,122.140,122.188,882.200,51.220,814.000,2089.000,1280.750,623.600,834.500,107.785,108.141
14/04/2009,861.860,217.610,363.500,1031.140,122.300,123.594,890.900,51.960,840.250,2197.000,1324.000,641.400,844.000,107.960,108.305
21/04/2009,856.380,215.680,361.426,1036.430,123.190,122.406,882.100,49.820,847.750,2169.000,1328.000,635.000,831.500,107.945,108.109
28/04/2009,866.310,217.770,364.718,1039.490,122.960,121.672,892.800,49.990,851.750,2221.000,1360.500,625.200,810.000,108.110,108.125
05/05/2009,922.550,233.440,366.863,1045.240,122.350,120.953,904.300,54.120,903.500,2363.000,1427.250,713.800,848.500,108.055,108.094
12/05/2009,941.640,238.360,372.265,1059.950,120.620,121.297,923.900,57.940,906.750,2400.000,1385.000,714.700,888.000,108.030,108.297
19/05/2009,947.680,240.650,373.158,1064.230,120.510,120.656,926.700,58.920,906.500,2441.000,1394.000,748.600,881.500,108.160,108.359
26/05/2009,958.270,242.790,376.814,1068.610,119.630,118.734,953.300,61.240,908.750,2467.000,1410.750,748.900,883.500,108.005,108.313
02/06/2009,1000.080,254.290,379.534,1076.900,119.010,117.234,983.200,68.170,942.500,2538.000,1478.500,800.000,914.000,108.205,108.336
09/06/2009,982.640,249.440,373.949,1074.300,118.590,115.391,954.000,69.620,939.500,2478.000,1500.750,776.500,917.500,107.290,107.523
16/06/2009,960.020,244.130,375.641,1082.090,119.380,116.750,931.600,70.240,912.000,2429.000,1445.750,752.200,917.000,107.455,107.758
23/06/2009,938.310,237.700,378.611,1077.330,120.230,115.484,923.900,68.800,890.250,2348.000,1424.000,725.100,897.500,107.710,107.961
30/06/2009,964.050,244.900,380.339,1078.610,121.080,116.266,927.400,69.300,915.500,2398.000,1476.250,766.200,924.500,107.900,108.109
07/07/2009,929.900,236.860,382.371,1079.890,121.750,117.281,929.100,63.230,879.250,2312.000,1408.000,740.000,909.500,108.205,107.953
14/07/2009,945.720,239.970,384.052,1078.060,121.900,117.781,922.800,60.860,901.500,2362.000,1446.750,744.300,867.500,108.190,107.961
21/07/2009,1004.780,255.910,387.626,1080.260,121.260,117.781,946.900,66.870,953.500,2518.000,1554.000,819.700,901.500,108.170,107.977
28/07/2009,1028.210,262.160,386.447,1086.930,120.770,116.078,939.100,69.880,976.000,2570.000,1601.500,838.400,930.500,108.035,107.609
04/08/2009,1066.800,271.710,390.045,1094.460,121.590,116.047,967.500,74.280,1004.750,2669.000,1630.250,865.700,961.500,107.900,107.438
11/08/2009,1049.340,267.200,386.955,1100.740,120.490,116.094,945.800,72.460,993.000,2651.000,1596.500,832.800,972.500,107.785,107.438
18/08/2009,1045.120,265.770,389.941,1104.840,122.170,117.516,937.700,72.370,989.500,2620.000,1587.000,826.900,949.000,108.090,107.836
25/08/2009,1090.660,276.950,393.638,1107.310,122.440,117.875,944.500,71.820,1026.000,2802.000,1636.500,860.200,966.000,108.150,107.898
01/09/2009,1066.630,270.960,394.994,1109.330,122.610,118.859,955.200,67.730,996.500,2717.000,1595.500,823.200,962.500,108.360,108.320
08/09/2009,1098.550,279.590,398.212,1114.100,122.750,118.438,998.500,69.420,1025.000,2787.000,1655.250,881.400,948.500,108.690,108.328
15/09/2009,1119.900,284.870,400.630,1122.810,121.070,118.656,1005.300,67.350,1050.250,2839.000,1696.750,903.700,927.000,108.120,108.383
22/09/2009,1143.390,291.220,402.348,1126.310,120.240,117.031,1014.400,70.530,1067.250,2869.000,1734.250,931.400,934.500,108.105,108.320
29/09/2009,1125.570,286.880,402.622,1125.310,121.740,118.297,993.100,65.490,1054.750,2880.000,1715.500,915.000,904.000,108.180,108.383
06/10/2009,1121.630,286.500,407.153,1130.130,122.430,119.125,1038.600,68.560,1048.500,2849.000,1700.750,935.300,867.500,108.240,107.992
13/10/2009,1142.150,292.050,407.018,1141.570,122.550,118.906,1064.200,72.400,1068.750,2868.000,1726.750,956.000,900.000,108.150,108.078
20/10/2009,1166.030,298.210,407.567,1145.350,121.820,118.641,1057.800,77.240,1089.500,2917.000,1758.250,973.100,912.000,108.000,108.039
27/10/2009,1131.440,289.500,404.444,1144.340,121.520,117.922,1034.700,77.920,1060.500,2825.000,1719.750,940.600,898.000,108.150,107.969
03/11/2009,1104.090,281.700,404.591,1132.080,121.750,118.156,1084.900,78.110,1041.750,2704.000,1675.500,912.800,881.500,108.215,108.172
10/11/2009,1156.840,295.800,409.043,1139.250,121.720,118.578,1102.500,77.500,1092.000,2846.000,1772.500,975.000,872.000,108.330,108.359
17/11/2009,1169.560,299.320,410.738,1143.950,122.240,119.750,1139.400,78.970,1107.500,2902.000,1808.750,993.500,858.000,108.475,108.570
24/11/2009,1160.140,296.890,412.589,1150.380,122.720,120.094,1165.800,76.460,1103.000,2879.000,1786.500,979.300,829.000,108.455,108.742
01/12/2009,1171.940,299.570,417.025,1151.140,123.660,120.828,1199.100,79.350,1108.500,2868.000,1792.000,985.200,854.500,108.580,108.945
08/12/2009,1151.380,294.830,411.005,1151.860,123.570,120.141,1142.800,75.190,1090.000,2851.000,1768.500,962.700,896.500,108.655,108.852
15/12/2009,1157.840,296.500,406.655,1148.890,122.480,118.609,1122.400,72.050,1108.750,2886.000,1796.750,977.000,882.500,108.110,108.555
22/12/2009,1159.320,296.000,401.190,1150.190,122.360,116.234,1086.000,73.460,1113.500,2943.000,1841.000,959.900,901.500,108.290,108.484
29/12/2009,1177.970,301.200,401.882,1155.190,121.490,115.656,1097.000,77.640,1121.750,2987.000,1872.500,986.600,919.000,108.080,108.219
05/01/2010,1192.890,305.890,403.782,1157.230,121.440,116.203,1118.700,80.590,1132.250,3011.000,1885.250,1028.100,922.000,108.035,107.813
12/01/2010,1199.340,307.570,407.138,1172.080,122.140,116.750,1129.400,79.300,1134.000,2977.000,1865.500,1020.800,957.500,108.245,108.063
19/01/2010,1203.330,308.150,405.272,1172.790,122.480,117.078,1140.000,77.630,1145.750,2983.000,1889.750,1031.600,950.500,108.355,108.133
26/01/2010,1143.440,291.830,404.696,1163.590,123.280,117.828,1098.300,73.290,1087.250,2825.000,1796.500,934.500,917.000,108.540,108.336
02/02/2010,1144.960,292.260,402.935,1157.010,123.470,118.016,1117.400,76.060,1097.250,2832.000,1769.000,945.500,913.000,108.535,108.391
09/02/2010,1101.180,281.250,401.243,1154.530,123.980,118.234,1076.700,72.130,1066.250,2661.000,1752.000,916.400,880.000,108.795,108.500
16/02/2010,1124.860,287.470,400.734,1155.860,123.380,118.313,1119.300,75.680,1093.250,2719.000,1799.250,946.500,884.500,108.885,108.570
23/02/2010,1128.520,288.590,399.789,1161.490,123.670,118.047,1102.700,77.250,1097.250,2728.000,1801.000,931.000,908.000,108.990,108.492
02/03/2010,1149.390,294.010,401.743,1160.060,124.200,118.891,1137.400,78.180,1117.500,2794.000,1852.250,965.900,903.500,109.140,108.750
09/03/2010,1174.110,300.560,401.859,1167.170,122.830,118.516,1122.300,79.910,1140.500,2881.000,1901.250,997.500,923.000,108.610,108.617
16/03/2010,1193.730,305.140,404.019,1169.140,122.860,118.766,1122.500,79.020,1159.500,2907.000,1931.000,999.100,932.000,108.570,108.578
23/03/2010,1200.860,306.840,402.484,1171.380,123.670,117.281,1103.700,80.700,1169.500,2842.000,1962.250,1002.900,939.500,108.695,108.477
30/03/2010,1201.100,307.490,398.223,1172.400,123.180,115.938,1104.500,81.280,1169.500,2871.000,1965.500,1010.000,983.000,108.720,108.398
06/04/2010,1218.120,312.470,396.904,1179.660,122.880,115.219,1135.100,86.150,1185.750,2914.000,1978.750,1053.000,993.000,108.690,107.586
13/04/2010,1226.010,314.010,401.042,1184.230,122.980,116.578,1152.800,84.720,1193.000,2920.000,2001.250,1040.000,988.000,108.725,107.867
20/04/2010,1228.050,314.030,400.725,1184.210,123.500,116.766,1138.600,84.800,1205.500,2910.000,2024.250,1028.400,973.000,108.895,107.984
27/04/2010,1202.480,308.230,399.505,1187.540,124.640,117.656,1161.700,85.780,1181.000,2778.000,2008.750,996.000,997.500,109.080,108.109
04/05/2010,1171.400,300.130,397.245,1185.550,125.510,118.141,1169.200,85.670,1172.500,2656.000,1969.500,972.200,983.000,109.300,108.289
11/05/2010,1144.890,292.970,394.728,1166.480,125.630,119.016,1220.300,80.490,1152.250,2701.000,1935.250,959.000,933.500,109.575,108.570
18/05/2010,1111.910,284.870,393.445,1170.910,126.860,120.203,1214.600,74.430,1118.750,2672.000,1888.000,924.700,912.500,109.745,108.883
25/05/2010,1048.530,267.420,394.416,1150.500,129.380,121.672,1198.000,69.550,1073.000,2481.000,1815.500,871.300,857.500,109.935,109.031
01/06/2010,1069.540,274.130,393.523,1154.210,128.660,120.672,1224.800,72.710,1069.500,2597.000,1831.000,894.900,883.500,109.995,109.023
08/06/2010,1045.480,268.140,390.833,1151.250,130.160,121.813,1244.000,72.300,1059.250,2500.000,1791.500,894.200,856.500,110.110,109.094
15/06/2010,1108.340,283.990,394.210,1149.720,128.300,120.719,1233.200,76.200,1113.500,2715.000,1894.500,954.400,875.000,109.625,109.063
22/06/2010,1105.210,284.440,396.504,1153.710,128.100,120.906,1239.900,78.040,1090.500,2742.000,1878.250,952.600,893.500,109.540,109.219
29/06/2010,1048.090,270.020,398.743,1149.320,129.430,122.531,1242.400,75.440,1035.250,2559.000,1763.500,902.700,851.000,109.610,109.438
06/07/2010,1051.600,271.030,404.870,1140.530,129.300,122.734,1195.100,71.450,1024.250,2565.000,1734.500,926.700,849.000,109.430,109.172
13/07/2010,1109.010,284.890,404.317,1144.220,128.880,121.656,1213.500,76.650,1089.750,2731.000,1842.500,964.300,853.000,109.320,109.078
20/07/2010,1093.510,281.290,408.462,1146.230,128.900,123.234,1191.700,76.220,1080.000,2623.000,1839.750,966.900,832.500,109.230,109.273
27/07/2010,1130.920,291.100,409.469,1153.550,127.690,122.328,1158.000,76.130,1111.000,2766.000,1886.500,994.000,845.500,109.050,109.094
03/08/2010,1152.990,296.750,416.785,1157.410,129.060,123.984,1185.200,82.680,1118.250,2815.000,1893.000,1017.500,858.500,109.330,109.391
10/08/2010,1145.360,294.740,416.231,1159.590,129.950,124.984,1196.200,79.600,1119.750,2796.000,1896.500,1006.900,853.000,109.395,109.430
17/08/2010,1118.890,288.520,416.785,1156.410,131.690,125.672,1226.600,76.930,1089.000,2736.000,1839.500,1000.600,827.500,109.590,109.477
24/08/2010,1079.040,278.830,418.372,1158.150,133.900,126.406,1231.800,72.380,1049.750,2614.000,1773.750,968.800,816.000,109.800,109.578
31/08/2010,1080.700,279.060,418.689,1156.810,134.430,126.500,1249.000,74.640,1048.250,2615.000,1766.500,969.400,800.500,109.805,109.570
07/09/2010,1123.680,290.070,417.548,1161.510,133.200,125.828,1257.900,77.740,1091.250,2729.000,1857.500,998.200,834.000,109.810,109.555
14/09/2010,1158.150,298.910,420.114,1162.280,130.510,125.453,1270.200,79.160,1120.750,2809.000,1925.250,1040.500,828.000,109.290,109.508
21/09/2010,1169.470,301.760,419.560,1169.020,129.650,125.750,1272.700,78.420,1134.750,2784.000,1985.500,1050.500,841.500,109.125,109.688
28/09/2010,1184.130,305.710,427.339,1174.680,131.790,126.438,1306.600,78.710,1141.750,2762.000,2008.500,1070.400,842.000,109.290,109.727
05/10/2010,1199.000,310.420,431.737,1178.960,131.450,126.641,1338.900,84.840,1154.750,2745.000,2018.500,1111.500,832.500,109.165,109.695
12/10/2010,1207.820,312.470,434.282,1186.320,132.010,127.078,1345.700,83.500,1164.500,2765.000,2037.000,1110.500,825.500,109.255,109.805
19/10/2010,1208.850,312.650,432.141,1192.050,130.230,127.031,1335.100,81.100,1163.750,2825.000,2067.500,1090.000,831.500,108.995,109.820
26/10/2010,1223.800,316.720,432.827,1189.050,129.360,125.719,1338.000,83.660,1182.750,2848.000,2116.000,1121.200,816.000,108.790,109.758
02/11/2010,1233.980,319.290,435.522,1192.480,129.780,126.531,1356.900,85.410,1192.750,2852.000,2150.250,1138.200,804.000,108.820,109.914
09/11/2010,1258.770,326.010,433.918,1202.060,130.360,126.531,1410.100,88.330,1211.000,2884.000,2176.250,1152.000,840.500,108.960,109.719
16/11/2010,1212.560,313.590,424.333,1196.800,128.140,125.047,1338.400,84.730,1174.750,2784.000,2090.750,1086.200,847.500,108.830,109.555
23/11/2010,1210.650,312.750,423.859,1194.450,128.880,125.406,1377.600,83.250,1178.250,2743.000,2119.000,1078.900,876.000,109.110,109.719
30/11/2010,1193.560,308.380,417.378,1192.170,128.020,125.047,1385.000,85.920,1179.500,2653.000,2117.000,1073.800,858.000,109.270,109.688
07/12/2010,1249.360,322.970,419.161,1200.650,125.590,122.500,1408.300,91.390,1223.250,2803.000,2190.000,1123.400,879.500,109.185,109.461
14/12/2010,1267.700,326.990,416.227,1203.220,124.120,120.422,1403.600,91.210,1241.750,2860.000,2215.250,1126.200,901.500,108.545,109.242
21/12/2010,1271.280,327.600,415.534,1205.810,125.170,121.250,1388.200,93.200,1250.750,2873.000,2235.250,1125.100,905.000,108.645,109.289
28/12/2010,1275.540,328.610,416.592,1210.100,125.190,119.031,1405.200,94.380,1254.000,2822.000,2225.500,1125.500,904.500,108.990,109.133
04/01/2011,1289.260,333.220,421.008,1217.300,126.110,120.313,1378.800,93.530,1265.250,2837.000,2245.500,1170.400,909.500,109.075,109.188
11/01/2011,1282.230,330.790,415.275,1220.030,125.790,120.547,1384.300,97.610,1270.500,2793.000,2285.500,1144.100,927.000,108.950,109.227
18/01/2011,1316.170,338.970,419.733,1228.960,124.060,120.594,1368.200,97.800,1294.750,2943.000,2330.750,1163.000,931.500,108.370,109.234
25/01/2011,1310.930,336.880,422.906,1221.580,123.970,120.922,1332.300,95.250,1287.500,2955.000,2301.250,1127.400,930.500,108.285,109.234
01/02/2011,1330.270,340.980,424.497,1222.760,123.010,120.297,1339.600,101.740,1302.750,3003.000,2322.500,1133.700,913.000,108.040,109.234
08/02/2011,1347.360,344.630,420.602,1227.750,122.820,117.984,1363.400,99.920,1321.750,3038.000,2362.750,1123.500,944.500,107.970,108.688
15/02/2011,1344.270,343.040,418.156,1228.540,122.680,118.641,1373.600,101.640,1326.250,3030.000,2381.500,1101.500,961.500,108.040,108.711
22/02/2011,1338.120,341.570,422.783,1235.320,124.130,120.094,1400.500,105.780,1314.500,2988.000,2321.750,1087.900,956.000,108.025,109.008
01/03/2011,1340.890,342.610,426.149,1230.370,124.060,120.438,1431.200,115.420,1301.000,2983.000,2311.500,1097.300,962.500,108.050,109.195
08/03/2011,1341.050,343.590,424.183,1233.190,123.050,119.766,1427.200,113.060,1320.000,2943.000,2333.750,1134.100,939.000,107.665,109.070
15/03/2011,1271.870,326.490,429.646,1221.860,123.020,121.609,1392.800,108.520,1280.000,2793.000,2247.500,1096.300,769.000,107.630,109.367
22/03/2011,1311.010,336.290,431.445,1216.020,122.020,121.203,1427.600,115.700,1288.250,2779.000,2257.250,1113.300,862.500,107.285,109.289
29/03/2011,1323.810,340.040,427.256,1221.060,121.500,118.766,1416.200,115.160,1316.500,2835.000,2322.500,1147.300,854.000,107.200,108.984
05/04/2011,1343.640,346.540,426.732,1225.850,120.930,118.766,1451.800,122.220,1326.750,2877.000,2323.250,1198.700,848.000,107.110,108.406
12/04/2011,1333.850,343.660,430.556,1230.760,120.460,119.094,1452.900,120.920,1308.250,2856.000,2293.000,1169.500,838.500,107.060,108.594
19/04/2011,1324.450,341.130,432.598,1223.600,122.170,120.250,1494.500,121.330,1308.500,2781.000,2311.000,1174.200,826.500,107.240,108.883
26/04/2011,1366.690,352.000,437.525,1224.240,122.510,120.672,1503.000,124.140,1341.000,2888.000,2384.750,1209.000,832.000,107.365,108.992
03/05/2011,1382.990,354.920,441.545,1227.950,122.640,121.438,1540.400,122.450,1352.000,2942.000,2389.750,1178.100,868.000,107.125,109.148
10/05/2011,1366.360,350.460,438.867,1211.270,124.010,122.094,1516.900,117.630,1353.750,2906.000,2409.250,1178.100,857.000,107.435,109.203
17/05/2011,1329.330,340.890,436.976,1208.190,124.420,122.938,1480.000,109.990,1325.500,2835.000,2337.250,1133.800,829.000,107.465,109.359
24/05/2011,1315.760,337.520,435.737,1206.350,124.730,123.078,1523.300,112.530,1313.500,2793.000,2301.750,1120.300,819.000,107.605,109.406
31/05/2011,1354.610,347.900,441.013,1205.510,125.350,124.031,1535.900,116.730,1344.000,2857.000,2371.750,1172.000,837.500,107.810,109.594
07/06/2011,1311.900,337.790,444.900,1204.010,124.870,124.656,1543.300,116.780,1284.750,2774.000,2273.750,1148.800,813.000,107.630,109.758
14/06/2011,1305.840,335.710,442.444,1196.580,125.410,123.984,1523.800,120.160,1290.000,2778.000,2250.750,1140.300,821.500,107.545,109.680
21/06/2011,1301.770,333.950,442.323,1185.400,125.890,125.250,1546.000,110.950,1288.000,2803.000,2244.000,1103.600,815.000,107.710,109.820
28/06/2011,1296.430,333.090,440.565,1183.880,126.560,123.328,1499.700,108.780,1294.500,2752.000,2284.000,1103.600,831.500,107.855,109.617
05/07/2011,1345.930,345.900,441.332,1192.680,125.620,122.656,1512.700,113.610,1336.750,2855.000,2372.000,1103.600,864.500,107.505,109.469
12/07/2011,1307.280,335.500,440.582,1197.550,128.890,124.625,1562.300,117.750,1310.750,2694.000,2344.500,1103.600,856.000,108.245,109.641
19/07/2011,1316.540,337.870,443.838,1192.630,129.050,124.922,1601.100,117.060,1321.250,2658.000,2389.000,1103.600,852.500,108.295,109.664
26/07/2011,1342.400,344.720,448.436,1196.550,128.340,124.531,1616.800,118.280,1326.250,2745.000,2423.500,1103.600,865.500,108.095,109.641
02/08/2011,1269.440,327.330,450.778,1190.290,131.820,126.953,1641.900,116.460,1247.250,2553.000,2288.250,1103.600,842.500,108.690,109.914
09/08/2011,1164.910,297.720,452.798,1160.650,132.410,129.828,1740.000,102.570,1171.750,2300.000,2155.000,1103.600,774.000,109.250,110.234
16/08/2011,1196.580,306.780,455.989,1153.540,133.110,130.078,1782.400,109.470,1192.250,2321.000,2199.000,1103.600,776.500,109.345,110.281
23/08/2011,1157.750,296.830,457.400,1144.880,135.280,130.328,1858.300,109.310,1158.500,2197.000,2124.000,1103.600,751.500,109.530,110.211
30/08/2011,1196.180,306.490,456.880,1142.100,135.280,130.391,1827.500,114.020,1204.750,2237.000,2227.000,1103.600,766.000,109.460,110.250
06/09/2011,1141.910,293.410,454.317,1145.530,138.610,131.219,1870.600,112.890,1164.500,2082.000,2165.250,1103.600,741.000,109.900,110.250
13/09/2011,1134.650,290.840,450.076,1141.540,137.730,131.063,1827.500,111.890,1171.500,2029.000,2220.750,1103.600,743.500,109.760,110.211
20/09/2011,1161.940,296.350,450.997,1136.370,137.440,131.344,1806.900,110.540,1196.000,2129.000,2296.500,1103.600,745.000,109.840,110.320
27/09/2011,1140.160,289.170,447.887,1122.570,135.880,129.563,1650.600,107.140,1169.500,2178.000,2254.000,1103.600,747.000,109.655,110.141
04/10/2011,1074.500,272.080,445.306,1114.720,138.240,130.953,1614.700,99.790,1113.500,2084.000,2113.500,1103.600,735.500,109.855,110.102
11/10/2011,1159.280,294.060,446.491,1112.980,134.550,128.234,1659.700,110.730,1189.500,2302.000,2288.500,1103.600,753.000,109.470,109.977
18/10/2011,1177.540,298.750,447.550,1116.840,135.580,128.828,1651.700,111.150,1223.000,2296.000,2363.750,1103.600,752.000,109.630,110.078
25/10/2011,1195.810,304.030,452.259,1119.860,135.260,129.125,1699.600,110.920,1224.500,2334.000,2321.750,1103.600,747.500,109.660,110.125
01/11/2011,1174.770,299.910,449.786,1123.910,138.150,130.250,1711.800,109.540,1224.500,2251.000,2303.500,1103.600,756.000,109.955,110.188
08/11/2011,1215.690,309.870,451.045,1123.540,138.030,130.047,1799.200,115.000,1273.250,2305.000,2394.500,1103.600,738.500,109.955,110.211
15/11/2011,1191.200,303.570,447.289,1122.920,138.710,130.328,1782.200,112.390,1254.000,2257.000,2359.750,1103.600,732.000,110.150,110.219
22/11/2011,1127.250,286.960,445.806,1117.750,137.250,130.797,1702.400,109.030,1182.750,2143.000,2214.250,1103.600,717.000,110.085,110.227
29/11/2011,1139.700,289.720,441.506,1108.710,133.390,130.469,1713.400,110.820,1196.500,2233.000,2212.500,1103.600,731.000,109.985,110.250
06/12/2011,1193.680,303.490,445.452,1111.980,134.780,130.156,1727.900,110.810,1255.000,2361.000,2321.500,1103.600,737.000,110.165,110.250
13/12/2011,1159.390,294.390,443.367,1112.460,136.610,131.313,1659.900,109.500,1226.250,2259.000,2271.000,1103.600,739.500,110.140,110.313
20/12/2011,1163.900,294.730,445.651,1107.530,137.500,131.594,1615.600,106.730,1236.000,2252.000,2266.750,1103.600,717.000,110.240,110.281
27/12/2011,1183.590,300.060,444.457,1109.130,137.980,129.953,1594.200,109.270,1260.250,2287.000,2284.500,1103.600,724.000,110.350,110.180
03/01/2012,1206.090,305.680,447.247,1109.360,138.290,130.547,1600.500,112.130,1272.000,2385.000,2316.000,1103.600,728.000,110.295,110.023
10/01/2012,1207.550,306.370,444.477,1116.430,138.720,130.719,1631.500,113.280,1286.000,2342.000,2363.500,1103.600,732.500,110.350,110.219
17/01/2012,1211.640,308.240,446.523,1120.510,139.680,131.594,1655.600,111.530,1289.250,2388.000,2389.750,1103.600,733.000,110.375,110.273
24/01/2012,1237.120,314.920,446.598,1121.990,137.300,130.094,1664.500,110.030,1311.500,2427.000,2437.500,1103.600,758.000,110.300,110.219
31/01/2012,1240.890,316.650,454.165,1127.010,139.720,132.250,1737.800,110.980,1308.250,2420.000,2464.250,1103.600,756.500,110.430,110.320
07/02/2012,1278.270,326.130,454.452,1134.340,137.950,131.156,1746.400,116.230,1344.750,2514.000,2529.250,1103.600,772.000,110.325,110.250
14/02/2012,1273.910,325.100,452.068,1136.760,138.520,131.531,1715.900,118.160,1347.750,2489.000,2576.000,1103.600,787.000,110.275,110.141
21/02/2012,1294.620,330.400,451.223,1140.340,137.960,130.641,1757.100,121.660,1360.000,2544.000,2591.000,1103.600,819.500,110.260,110.117
28/02/2012,1303.000,332.440,454.231,1143.090,140.060,131.672,1788.400,121.550,1371.500,2521.000,2632.000,1103.600,843.500,110.410,110.148
06/03/2012,1265.480,322.990,451.204,1146.310,140.270,131.719,1672.100,121.980,1342.000,2452.000,2589.500,1103.600,827.000,110.480,110.180
13/03/2012,1308.590,333.580,448.713,1145.710,138.230,130.484,1694.200,126.220,1396.250,2558.000,2697.750,1103.600,837.500,110.355,110.039
20/03/2012,1316.710,334.680,445.891,1148.180,135.640,128.547,1647.000,124.120,1400.000,2508.000,2735.500,1103.600,861.500,110.035,109.906
27/03/2012,1322.320,336.150,449.612,1144.240,137.310,129.594,1684.900,125.540,1406.500,2457.000,2775.750,1103.600,864.500,110.275,110.078
03/04/2012,1316.880,334.960,450.243,1144.240,138.290,128.922,1670.000,124.860,1408.750,2392.000,2779.000,1103.600,851.000,110.335,109.898
10/04/2012,1259.340,320.600,450.867,1143.340,140.320,131.594,1659.500,119.880,1357.000,2258.000,2697.000,1103.600,813.000,110.575,110.047
17/04/2012,1287.090,326.900,452.042,1139.380,139.960,131.422,1650.300,118.780,1383.500,2303.000,2712.750,1103.600,802.500,110.450,110.070
24/04/2012,1271.800,323.150,452.611,1140.870,140.620,131.781,1643.000,118.160,1370.000,2227.000,2632.500,1103.600,806.500,110.505,110.133
01/05/2012,1296.980,329.320,455.378,1144.810,141.090,131.969,1662.400,119.660,1400.500,2259.000,2718.500,1103.600,789.000,110.600,110.141
08/05/2012,1250.580,317.690,455.247,1140.100,142.550,132.922,1604.500,112.730,1358.500,2198.000,2622.750,1103.600,775.000,110.600,110.172
15/05/2012,1213.990,307.670,452.066,1136.110,143.450,133.375,1557.100,112.240,1328.250,2152.000,2578.250,1103.600,748.000,110.645,110.141
22/05/2012,1199.880,303.440,451.425,1121.460,143.090,133.313,1576.600,108.410,1314.750,2180.000,2535.250,1103.600,732.500,110.645,110.094
29/05/2012,1201.510,303.900,450.502,1126.430,144.300,133.828,1548.700,106.680,1333.500,2155.000,2559.500,1103.600,726.500,110.725,110.133
05/06/2012,1158.300,292.880,451.007,1121.820,145.760,134.797,1615.200,98.840,1285.000,2082.000,2488.750,1103.600,710.500,110.785,110.250
12/06/2012,1191.920,301.420,449.529,1123.210,142.480,134.109,1612.700,97.140,1326.750,2143.000,2550.250,1103.600,722.500,110.565,110.148
19/06/2012,1226.940,310.420,453.406,1120.160,141.360,134.344,1622.200,95.760,1350.500,2188.000,2612.500,1103.600,735.500,110.575,110.148
26/06/2012,1190.430,300.830,450.922,1121.540,141.700,133.438,1574.000,93.020,1315.500,2121.000,2548.250,1103.600,741.000,110.555,110.102
03/07/2012,1251.400,316.390,453.779,1122.950,141.460,133.641,1621.800,100.680,1368.000,2312.000,2641.500,1103.600,778.000,110.575,110.078
10/07/2012,1218.810,308.240,452.824,1126.070,144.110,134.625,1579.800,97.970,1335.500,2240.000,2578.000,1103.600,759.000,110.770,110.180
17/07/2012,1229.120,310.480,455.056,1128.930,145.120,134.547,1589.500,104.000,1358.500,2244.000,2587.000,1103.600,741.500,110.900,110.266
24/07/2012,1202.880,303.690,454.836,1129.830,145.030,135.266,1576.200,103.420,1329.500,2155.000,2548.500,1103.600,714.500,110.920,110.336
31/07/2012,1250.570,316.020,458.627,1127.680,144.570,134.656,1610.500,104.920,1374.500,2328.000,2636.500,1103.600,734.000,110.945,110.313
07/08/2012,1276.400,322.370,458.149,1130.190,142.330,133.578,1609.700,112.000,1397.000,2437.000,2710.000,1103.600,743.500,110.835,110.219
14/08/2012,1277.510,323.010,456.956,1133.650,142.430,133.141,1599.400,114.030,1401.500,2429.000,2726.750,1103.600,750.000,110.850,110.180
21/08/2012,1293.430,326.450,457.240,1134.460,141.380,132.609,1639.900,114.640,1412.500,2491.000,2774.000,1103.600,765.000,110.760,110.117
28/08/2012,1284.250,323.640,461.447,1133.660,143.960,133.953,1666.500,112.580,1407.750,2441.000,2780.750,1103.600,748.500,110.835,110.211
04/09/2012,1274.650,321.130,462.303,1134.810,143.500,134.453,1693.600,114.180,1406.000,2439.000,2774.500,1103.600,726.500,110.875,110.258
11/09/2012,1311.710,330.390,466.028,1138.960,140.380,133.938,1732.300,115.400,1430.500,2559.000,2779.250,1103.600,731.000,110.660,110.227
18/09/2012,1337.160,337.420,466.576,1143.670,139.460,133.438,1768.700,112.030,1459.250,2563.000,2855.500,1103.600,752.500,110.595,110.219
25/09/2012,1327.250,335.020,468.369,1141.850,140.060,133.172,1763.900,110.450,1437.250,2561.000,2803.250,1103.600,749.500,110.605,110.195
02/10/2012,1319.520,333.500,468.852,1139.190,141.430,133.641,1772.700,111.570,1441.000,2489.000,2795.250,1103.600,731.500,110.675,110.242
09/10/2012,1313.460,331.760,467.705,1141.310,141.380,133.047,1763.000,114.500,1436.000,2462.000,2734.000,1103.600,727.500,110.680,110.188
16/10/2012,1329.430,335.570,468.662,1139.280,140.770,132.875,1744.700,115.070,1449.250,2542.000,2765.250,1103.600,734.000,110.615,110.172
23/10/2012,1299.990,328.790,466.416,1139.730,140.350,132.375,1708.300,108.250,1406.750,2475.000,2660.500,1103.600,748.500,110.550,110.109
30/10/2012,1302.180,329.120,467.788,1135.270,141.540,132.672,1712.100,109.080,1407.500,2509.000,2659.000,1103.600,733.500,110.700,110.094
06/11/2012,1311.420,331.710,465.536,1134.670,142.090,132.703,1715.000,111.070,1425.250,2531.000,2675.750,1103.600,746.000,110.815,110.117
13/11/2012,1271.850,321.960,467.136,1132.760,143.140,134.047,1724.800,108.260,1371.000,2493.000,2560.500,1103.600,721.500,110.860,110.219
20/11/2012,1281.290,323.940,464.400,1128.920,142.380,133.609,1723.600,109.830,1386.250,2508.000,2593.500,1103.600,760.500,110.820,110.203
27/11/2012,1299.360,328.640,466.008,1134.250,142.230,133.719,1742.300,109.870,1397.500,2540.000,2641.250,1103.600,782.000,110.785,110.195
04/12/2012,1314.020,332.330,469.394,1137.920,142.740,134.078,1694.400,109.840,1405.500,2586.000,2664.500,1103.600,781.000,110.775,110.242
11/12/2012,1329.940,336.990,468.094,1141.390,145.410,133.922,1708.200,108.010,1431.500,2623.000,2685.750,1103.600,785.500,110.925,110.250
18/12/2012,1347.920,341.450,467.353,1142.770,144.410,132.578,1669.500,108.840,1445.750,2647.000,2704.000,1103.600,819.000,110.780,110.188
25/12/2012,1339.040,339.460,466.976,1146.000,144.770,132.328,1658.600,108.800,1419.750,2642.550,2648.750,1103.600,838.500,110.800,110.203
01/01/2013,1338.550,339.780,465.980,1144.540,145.640,132.781,1675.800,111.110,1420.000,2615.000,2655.250,1103.600,861.500,110.855,110.234
08/01/2013,1362.250,345.610,462.766,1154.810,143.430,131.859,1662.200,111.940,1452.250,2685.000,2714.000,1103.600,869.000,110.650,110.172
15/01/2013,1382.740,350.280,464.791,1159.530,143.290,132.266,1683.900,110.300,1465.250,2696.000,2714.250,1103.600,906.500,110.505,110.211
22/01/2013,1393.620,352.910,463.751,1164.830,143.120,132.266,1693.200,112.420,1489.500,2715.000,2751.000,1103.600,901.000,110.415,110.203
29/01/2013,1410.680,356.290,461.226,1167.370,141.820,131.219,1660.800,114.360,1505.000,2750.000,2742.750,1103.600,924.000,110.235,110.125
05/02/2013,1405.150,354.970,458.666,1173.660,142.200,131.219,1672.400,116.520,1506.000,2652.000,2749.250,1103.600,939.500,110.315,110.148
12/02/2013,1413.830,356.530,458.671,1174.620,142.550,131.438,1648.700,118.660,1516.250,2646.000,2760.750,1103.600,970.000,110.405,110.141
19/02/2013,1419.810,358.050,457.177,1177.040,142.820,131.344,1603.600,117.520,1528.000,2665.000,2780.750,1103.600,963.000,110.485,110.125
26/02/2013,1386.060,349.710,457.064,1174.240,144.900,132.672,1615.200,112.710,1492.500,2569.000,2707.750,1103.600,966.000,110.690,110.227
05/03/2013,1420.250,357.550,456.160,1177.090,145.030,132.688,1574.900,111.610,1537.000,2683.000,2798.250,1103.600,989.000,110.705,110.234
12/03/2013,1433.280,360.750,452.963,1183.370,143.040,131.734,1591.700,109.650,1552.500,2710.000,2803.000,1103.600,1028.500,110.620,110.188
19/03/2013,1426.750,357.920,454.644,1186.170,144.620,132.797,1611.300,107.450,1542.250,2609.000,2779.500,1103.600,1040.500,110.775,110.219
26/03/2013,1432.640,359.380,455.763,1183.960,144.820,131.703,1595.700,109.360,1557.250,2577.000,2799.750,1103.600,1034.500,110.770,110.203
02/04/2013,1435.410,360.010,456.730,1184.320,145.240,131.984,1575.100,110.690,1564.500,2614.000,2812.750,1103.600,988.500,110.785,110.195
09/04/2013,1433.010,358.920,457.389,1178.730,145.800,132.813,1586.200,106.230,1563.250,2527.000,2797.500,1103.600,1102.500,110.710,110.219
16/04/2013,1438.810,359.900,458.612,1186.750,145.730,132.953,1386.800,99.910,1568.750,2555.000,2828.000,1103.600,1126.500,110.720,110.242
23/04/2013,1443.860,361.050,457.438,1181.950,146.090,133.078,1408.600,100.310,1573.500,2608.000,2823.000,1103.600,1145.500,110.740,110.250
30/04/2013,1476.140,369.420,462.551,1189.030,146.580,133.359,1472.100,102.370,1592.250,2669.000,2880.000,1103.600,1167.000,110.750,110.289
07/05/2013,1492.060,373.480,459.078,1195.310,145.430,132.625,1448.800,104.400,1620.500,2734.000,2946.500,1103.600,1185.000,110.725,110.258
14/05/2013,1505.970,376.280,452.190,1202.130,144.740,131.719,1424.500,102.600,1648.000,2777.000,2995.250,1103.600,1234.500,110.715,110.211
21/05/2013,1520.640,379.590,450.028,1208.340,144.330,131.906,1377.600,103.910,1665.500,2810.000,3021.500,1103.600,1273.000,110.765,110.219
28/05/2013,1497.130,373.680,447.371,1203.130,143.820,130.391,1378.900,104.230,1654.500,2838.000,3003.500,1103.600,1170.000,110.710,110.117
04/06/2013,1473.480,367.330,450.391,1200.590,143.360,130.344,1397.100,103.240,1631.250,2753.000,2974.750,1103.600,1134.000,110.560,110.094
11/06/2013,1463.420,362.990,453.173,1194.000,142.740,129.922,1377.000,102.960,1627.000,2685.000,2963.500,1103.600,1102.500,110.320,110.039
18/06/2013,1483.040,367.270,456.409,1189.130,143.210,130.281,1366.600,106.020,1651.000,2700.000,2993.500,1103.600,1088.000,110.380,110.180
25/06/2013,1412.530,348.850,442.883,1181.790,140.540,125.703,1274.800,101.260,1581.500,2539.000,2858.250,1103.600,1077.000,110.260,109.859
02/07/2013,1444.860,357.950,443.671,1184.670,141.690,126.609,1243.400,104.000,1607.250,2598.000,2923.250,1103.600,1175.500,110.380,109.883
09/07/2013,1468.470,362.310,439.382,1187.110,142.560,125.500,1245.900,107.810,1645.500,2662.000,2974.250,1103.600,1200.000,110.605,109.828
16/07/2013,1500.530,371.100,446.961,1195.450,143.690,126.594,1290.400,109.400,1671.250,2668.000,3070.750,1103.600,1210.500,110.570,109.930
23/07/2013,1519.770,376.020,448.900,1199.370,143.820,126.953,1334.700,108.420,1688.250,2724.000,3026.000,1103.600,1225.000,110.490,109.977
30/07/2013,1510.320,373.280,449.172,1195.120,142.450,126.422,1324.000,106.910,1684.750,2761.000,3085.500,1103.600,1150.000,110.450,110.008
06/08/2013,1528.060,376.870,450.027,1200.790,142.070,126.359,1283.200,108.180,1694.000,2791.000,3118.000,1103.600,1195.500,110.420,110.023
13/08/2013,1527.190,377.520,448.368,1198.010,140.860,125.703,1321.200,109.820,1690.750,2841.000,3137.000,1103.600,1158.500,110.315,109.961
20/08/2013,1500.590,370.220,449.506,1191.790,140.610,125.172,1373.100,110.150,1650.500,2789.000,3081.000,1103.600,1126.500,110.355,109.906
27/08/2013,1484.400,365.940,449.581,1192.220,140.540,125.734,1420.600,114.360,1628.250,2760.000,3059.500,1103.600,1134.000,110.360,109.875
03/09/2013,1486.060,367.100,443.932,1186.260,139.610,124.656,1411.700,115.680,1639.000,2755.000,3086.500,1103.600,1148.500,110.280,109.789
10/09/2013,1529.140,379.040,443.841,1191.110,136.730,124.156,1363.700,111.250,1682.500,2852.000,3182.750,1103.600,1188.500,110.145,109.664
17/09/2013,1547.240,383.500,448.317,1197.440,138.070,125.219,1309.400,108.190,1705.000,2892.000,3190.750,1103.600,1177.500,110.265,109.906
24/09/2013,1555.570,385.680,454.137,1200.380,139.540,125.938,1316.000,108.640,1692.500,2912.000,3213.250,1103.600,1208.500,110.375,110.047
01/10/2013,1553.510,384.620,455.828,1199.030,140.260,126.125,1286.000,107.940,1689.500,2917.000,3245.500,1103.600,1194.000,110.395,109.945
08/10/2013,1523.130,378.470,457.593,1201.410,140.220,126.266,1324.200,110.160,1650.500,2897.000,3150.750,1103.600,1152.000,110.395,109.781
15/10/2013,1558.190,387.080,454.540,1202.970,139.240,125.859,1273.000,109.960,1692.000,2994.000,3240.750,1103.600,1198.000,110.350,109.875
22/10/2013,1610.790,399.290,461.846,1210.670,140.540,127.500,1342.500,109.970,1749.500,3035.000,3356.500,1103.600,1216.000,110.445,109.984
29/10/2013,1614.330,399.730,461.867,1212.240,141.270,127.719,1345.200,109.010,1767.500,3042.000,3384.000,1103.600,1194.000,110.390,109.984
05/11/2013,1599.430,395.580,457.199,1211.480,141.160,126.563,1308.100,105.330,1756.500,3027.000,3379.750,1103.600,1183.000,110.460,110.023
12/11/2013,1598.550,394.320,454.541,1207.780,140.700,125.906,1271.200,105.810,1765.000,3031.000,3364.500,1103.600,1205.000,110.565,109.969
19/11/2013,1616.440,399.670,457.073,1212.780,141.410,126.734,1273.500,106.920,1785.250,3048.000,3375.500,1103.600,1239.000,110.560,110.055
26/11/2013,1621.910,400.060,456.752,1213.960,141.700,127.063,1241.400,110.880,1802.000,3063.000,3447.250,1103.600,1252.500,110.550,110.133
03/12/2013,1613.310,398.050,455.557,1218.680,141.280,126.391,1221.700,112.620,1791.500,3018.000,3475.750,1103.600,1261.500,110.540,110.125
10/12/2013,1614.230,398.670,456.964,1214.030,140.170,126.172,1262.400,109.380,1803.000,2964.000,3516.000,1103.600,1255.000,110.325,110.086
17/12/2013,1592.790,393.010,456.179,1211.230,140.290,125.828,1231.200,108.440,1779.250,2946.000,3465.250,1103.600,1235.000,110.280,110.031
24/12/2013,1639.650,403.520,453.258,1218.740,139.750,123.047,1205.100,111.900,1829.000,3065.000,3569.750,1103.600,1262.500,110.270,109.891
31/12/2013,1661.070,408.550,453.871,1223.260,139.170,123.047,1202.300,110.800,1841.000,3108.000,3583.750,1103.600,1302.500,110.300,109.906
07/01/2014,1647.650,404.250,453.710,1222.200,139.760,123.688,1229.600,107.350,1830.750,3105.000,3548.750,1103.600,1281.500,110.295,109.680
14/01/2014,1651.730,405.310,456.729,1229.850,140.680,124.172,1245.400,106.390,1833.000,3112.000,3573.750,1103.600,1271.000,110.330,109.695
21/01/2014,1659.490,406.820,455.460,1231.470,141.650,124.375,1241.800,106.730,1838.500,3150.000,3609.500,1103.600,1297.500,110.430,109.680
28/01/2014,1611.350,394.650,458.595,1222.620,142.460,125.078,1250.800,107.410,1788.250,3033.000,3501.000,1103.600,1223.000,110.520,109.766
04/02/2014,1569.930,384.840,459.879,1222.500,143.980,126.141,1251.700,105.780,1743.750,2965.000,3452.000,1103.600,1131.000,110.625,109.914
11/02/2014,1634.470,400.190,460.800,1223.500,143.640,125.578,1290.100,108.680,1813.500,3074.000,3612.750,1103.600,1208.500,110.580,109.883
18/02/2014,1660.540,406.540,462.809,1230.140,143.720,125.953,1324.700,110.460,1837.500,3121.000,3675.000,1103.600,1227.000,110.595,109.953
25/02/2014,1669.410,408.340,463.126,1234.230,143.970,125.828,1343.000,109.510,1846.250,3159.000,3688.500,1103.600,1228.500,110.565,109.930
04/03/2014,1677.850,410.220,464.263,1241.970,144.760,125.922,1337.900,109.300,1871.500,3136.000,3716.750,1103.600,1213.500,110.580,109.922
11/03/2014,1672.190,408.970,463.655,1244.040,142.320,125.375,1346.700,108.550,1865.250,3090.000,3688.500,1103.600,1233.500,110.395,109.820
18/03/2014,1665.490,407.350,466.865,1234.380,143.260,126.063,1359.000,106.790,1870.750,3073.000,3701.500,1103.600,1159.000,110.425,109.891
25/03/2014,1655.690,405.450,464.101,1236.740,143.240,123.469,1311.400,106.990,1859.250,3026.000,3623.750,1103.600,1150.500,110.395,109.695
01/04/2014,1683.700,413.450,464.296,1235.470,143.210,123.359,1279.600,105.620,1877.750,3117.000,3650.250,1103.600,1200.500,110.380,109.523
08/04/2014,1663.770,409.530,467.177,1239.650,143.420,124.047,1308.700,107.670,1845.000,3109.000,3528.500,1103.600,1170.500,110.385,109.555
15/04/2014,1646.670,405.270,469.384,1226.160,144.550,124.594,1300.000,108.740,1839.500,3033.000,3491.250,1103.600,1139.000,110.500,109.656
22/04/2014,1681.980,413.410,467.434,1229.450,143.700,123.625,1280.600,109.270,1874.000,3142.000,3585.000,1103.600,1160.000,110.405,109.547
29/04/2014,1682.380,413.120,468.441,1230.580,144.250,124.000,1296.300,108.980,1871.750,3151.000,3563.750,1103.600,1160.500,110.450,109.570
06/05/2014,1683.520,413.540,472.630,1232.140,144.670,124.641,1308.600,107.060,1864.250,3111.000,3551.000,1103.600,1184.000,110.455,109.602
13/05/2014,1697.990,417.530,470.417,1225.470,145.310,125.063,1294.800,109.240,1894.250,3187.000,3608.750,1103.600,1179.500,110.540,109.734
20/05/2014,1678.010,413.470,471.972,1223.360,146.090,126.000,1294.600,109.690,1868.000,3153.000,3596.500,1103.600,1152.000,110.605,109.883
27/05/2014,1707.670,420.110,471.271,1229.890,146.400,125.906,1265.500,110.020,1909.250,3237.000,3721.250,1103.600,1193.500,110.650,109.852
03/06/2014,1715.820,422.040,470.241,1235.670,146.120,125.266,1244.300,108.820,1922.000,3240.000,3730.750,1103.600,1229.500,110.630,109.813
10/06/2014,1735.320,427.270,470.185,1244.100,145.000,124.891,1259.800,109.520,1950.500,3310.000,3800.500,1103.600,1225.500,110.595,109.719
17/06/2014,1728.740,425.210,470.510,1242.320,145.050,124.750,1271.700,113.450,1941.500,3273.000,3779.500,1103.600,1242.000,110.620,109.609
24/06/2014,1737.820,427.400,472.777,1248.020,146.110,124.563,1320.900,114.460,1943.250,3283.000,3794.500,1103.600,1270.500,110.640,109.680
01/07/2014,1754.760,431.260,475.640,1245.650,147.110,124.875,1326.600,112.290,1965.750,3253.000,3884.750,1103.600,1275.500,110.680,109.492
08/07/2014,1741.640,428.980,474.980,1253.400,147.380,124.750,1316.500,108.940,1960.500,3185.000,3863.250,1103.600,1277.500,110.685,109.352
15/07/2014,1741.460,429.010,474.637,1240.680,147.500,124.906,1297.100,106.020,1968.000,3159.000,3912.500,1103.600,1275.500,110.680,109.344
22/07/2014,1750.780,431.410,475.101,1242.610,148.000,125.406,1306.300,107.330,1975.000,3191.000,3950.500,1103.600,1274.000,110.660,109.328
29/07/2014,1744.220,430.240,474.519,1245.560,148.690,125.375,1298.300,107.720,1963.000,3189.000,3952.250,1103.600,1292.000,110.665,109.320
05/08/2014,1698.250,419.390,472.508,1232.720,148.010,125.391,1284.000,104.610,1913.000,3073.000,3871.750,1103.600,1266.000,110.665,109.453
12/08/2014,1699.370,419.700,473.877,1227.190,149.370,125.828,1308.800,103.020,1930.500,3025.000,3903.500,1103.600,1259.500,110.725,109.523
19/08/2014,1734.890,428.370,474.381,1236.490,150.110,126.219,1295.100,101.560,1977.250,3093.000,4034.250,1103.600,1280.500,110.740,109.570
26/08/2014,1749.170,431.650,473.421,1244.490,150.820,126.031,1283.800,102.500,1998.500,3198.000,4072.250,1103.600,1285.000,110.775,109.445
02/09/2014,1747.220,431.180,471.480,1249.570,151.090,125.797,1264.300,100.340,1999.750,3178.000,4092.000,1103.600,1298.000,110.800,109.438
09/09/2014,1733.210,428.140,466.679,1251.960,148.400,125.109,1247.300,99.160,1989.750,3245.000,4066.000,1103.600,1299.500,111.000,109.375
16/09/2014,1732.550,426.500,464.628,1248.930,148.200,124.703,1235.700,99.050,1999.500,3222.000,4066.000,1103.600,1303.000,110.960,109.422
23/09/2014,1716.230,421.980,464.321,1250.300,148.930,124.531,1221.000,96.850,1972.250,3194.000,4037.000,1103.600,1325.500,110.940,109.453
30/09/2014,1698.410,416.850,461.317,1243.480,149.700,124.641,1210.500,94.670,1965.500,3223.000,4044.750,1103.600,1326.500,111.005,109.422
07/10/2014,1661.360,408.980,464.209,1236.540,150.110,126.000,1211.700,92.110,1928.000,3071.000,3956.250,1103.600,1294.500,110.975,109.164
14/10/2014,1610.740,397.060,467.110,1212.780,150.910,127.438,1233.600,85.040,1874.750,2995.000,3811.750,1103.600,1211.000,110.950,109.531
21/10/2014,1651.140,405.450,468.109,1207.150,150.580,127.656,1251.000,86.220,1938.000,2983.000,3971.500,1103.600,1203.500,110.955,109.633
28/10/2014,1684.540,413.240,466.962,1216.870,150.530,126.953,1229.200,86.030,1980.000,3030.000,4094.000,1103.600,1252.000,110.950,109.586
04/11/2014,1698.220,416.890,461.228,1223.590,151.360,126.281,1167.700,82.820,2005.500,3027.000,4143.500,1103.600,1355.500,110.970,109.383
11/11/2014,1716.830,420.370,457.532,1222.260,151.260,126.109,1163.000,81.670,2036.500,3096.000,4183.250,1103.600,1374.000,110.960,109.297
18/11/2014,1728.230,422.640,458.460,1220.890,151.590,126.641,1197.100,78.470,2048.500,3112.000,4238.000,1103.600,1397.000,110.905,109.422
25/11/2014,1742.820,426.750,459.318,1223.510,152.320,127.125,1197.100,78.330,2067.500,3217.000,4292.500,1103.600,1411.000,110.905,109.500
02/12/2014,1735.990,424.140,457.415,1227.620,152.290,126.953,1199.200,70.540,2066.000,3236.000,4305.500,1103.600,1429.500,110.890,109.484
09/12/2014,1721.970,420.220,458.473,1222.260,153.910,127.141,1231.500,66.840,2057.500,3169.000,4290.750,1103.600,1436.000,110.935,109.281
16/12/2014,1655.520,403.190,461.506,1201.200,155.030,128.109,1193.900,59.860,1971.500,3050.000,4086.500,1103.600,1351.500,111.000,109.453
23/12/2014,1724.100,420.080,454.760,1211.540,155.170,126.000,1177.900,61.690,2079.000,3189.000,4278.000,1103.600,1411.500,111.065,109.195
30/12/2014,1721.010,419.520,457.189,1216.430,155.870,126.578,1200.400,57.900,2076.750,3133.000,4282.750,1103.600,1407.500,111.090,109.273
06/01/2015,1654.380,404.050,457.373,1218.520,156.920,128.359,1219.400,51.100,1994.500,3003.000,4102.250,1103.600,1359.500,111.085,109.000
13/01/2015,1678.190,410.390,457.120,1216.750,156.680,129.313,1234.400,46.590,2016.000,3125.000,4158.500,1103.600,1374.500,111.100,109.266
20/01/2015,1685.270,411.820,457.241,1211.710,157.690,129.859,1294.200,47.990,2016.750,3238.000,4167.000,1103.600,1398.000,111.175,109.391
27/01/2015,1705.600,417.740,456.084,1218.040,158.420,129.656,1291.700,49.600,2030.000,3371.000,4177.500,1103.600,1421.500,111.180,109.352
03/02/2015,1715.220,419.240,456.517,1214.910,158.910,130.063,1259.700,57.910,2042.000,3417.000,4216.250,1103.600,1390.000,111.260,109.469
10/02/2015,1725.830,421.130,451.456,1223.910,158.460,128.359,1231.600,56.430,2062.250,3382.000,4276.000,1103.600,1427.000,111.300,109.094
17/02/2015,1754.800,428.200,451.352,1228.040,158.610,127.250,1208.100,62.530,2096.000,3436.000,4381.750,1103.600,1464.000,111.285,109.055
24/02/2015,1774.920,432.820,452.785,1232.960,158.860,128.688,1196.900,58.660,2113.750,3549.000,4450.250,1103.600,1510.500,111.305,109.336
03/03/2015,1768.570,431.350,449.747,1239.410,159.000,127.469,1204.400,61.020,2104.750,3555.000,4456.500,1103.600,1529.000,111.280,109.156
10/03/2015,1712.550,417.180,442.940,1238.490,158.330,127.563,1160.100,56.390,2042.000,3573.000,4331.250,1103.600,1526.000,111.210,109.164
17/03/2015,1736.630,422.690,442.271,1238.720,157.590,128.109,1148.200,53.510,2074.500,3672.000,4377.750,1103.600,1564.000,111.140,109.211
24/03/2015,1772.410,431.830,450.399,1245.670,158.130,129.094,1191.400,55.110,2085.000,3664.000,4429.000,1103.600,1577.500,111.170,109.484
31/03/2015,1740.810,424.760,447.760,1240.720,158.760,128.906,1183.100,55.110,2060.750,3631.000,4329.500,1103.600,1543.500,111.225,109.578
07/04/2015,1764.240,431.320,449.959,1244.250,158.770,129.359,1210.600,59.100,2067.750,3697.000,4334.000,1103.600,1582.000,111.260,109.344
14/04/2015,1779.850,436.110,449.317,1256.290,159.540,129.313,1192.800,58.430,2091.000,3719.000,4397.750,1103.600,1592.000,111.290,109.383
21/04/2015,1781.950,436.820,449.805,1252.540,160.000,129.359,1202.900,62.080,2091.000,3659.000,4428.500,1103.600,1613.000,111.265,109.359
28/04/2015,1803.390,442.630,453.148,1254.250,159.270,128.953,1214.000,64.640,2112.000,3653.000,4516.000,1103.600,1627.000,111.270,109.367
05/05/2015,1773.420,435.210,448.844,1247.790,154.850,127.422,1193.200,67.520,2084.000,3499.000,4407.500,1103.600,1586.500,111.180,109.195
12/05/2015,1784.910,436.870,448.298,1245.730,153.040,127.047,1192.400,66.860,2095.000,3545.000,4420.750,1103.600,1604.000,111.160,109.250
19/05/2015,1803.720,441.520,446.981,1246.580,153.890,127.031,1206.700,64.020,2124.500,3656.000,4501.250,1103.600,1635.000,111.165,109.289
26/05/2015,1781.140,435.930,443.597,1251.740,154.770,127.906,1186.900,63.720,2105.000,3608.000,4479.750,1103.600,1662.500,111.195,109.297
02/06/2015,1782.390,434.990,443.215,1249.430,153.130,127.000,1194.100,65.490,2106.750,3558.000,4503.000,1103.600,1673.500,111.130,109.289
09/06/2015,1751.650,426.950,440.502,1247.710,149.410,125.906,1177.300,64.880,2080.000,3451.000,4431.500,1103.600,1629.500,111.115,109.164
16/06/2015,1763.680,429.310,442.468,1246.850,151.430,126.641,1180.500,63.700,2097.500,3453.000,4459.000,1103.600,1639.000,111.220,109.242
23/06/2015,1795.980,437.530,441.430,1244.450,150.690,125.453,1176.200,64.450,2116.500,3625.000,4541.250,1103.600,1681.500,111.210,109.344
30/06/2015,1735.610,423.510,442.485,1246.350,152.000,126.172,1171.800,63.590,2054.500,3436.000,4390.250,1103.600,1630.500,111.275,109.469
07/07/2015,1724.950,419.240,441.148,1234.180,153.900,127.125,1152.600,56.850,2073.750,3287.000,4422.250,1103.600,1642.000,111.360,109.297
14/07/2015,1769.410,429.430,439.216,1233.120,151.380,125.938,1153.500,58.510,2102.000,3603.000,4517.500,1103.600,1642.000,111.270,109.125
21/07/2015,1777.860,431.220,439.751,1243.020,152.750,126.203,1103.500,57.040,2114.500,3646.000,4666.500,1103.600,1675.000,111.270,109.039
28/07/2015,1747.060,422.250,442.455,1232.950,153.840,127.000,1096.200,53.300,2087.250,3549.000,4556.000,1103.600,1629.500,111.300,109.156
04/08/2015,1758.870,424.920,442.457,1233.560,154.560,127.266,1090.700,49.990,2083.000,3618.000,4551.750,1103.600,1655.000,111.325,109.070
11/08/2015,1749.630,422.210,443.376,1227.630,154.940,127.859,1107.600,49.180,2079.750,3604.000,4510.750,1103.600,1685.500,111.380,109.188
18/08/2015,1744.200,419.630,442.692,1222.970,154.820,127.453,1117.100,48.810,2094.000,3497.000,4544.000,1103.600,1673.500,111.355,109.156
25/08/2015,1583.860,381.910,448.198,1205.410,153.580,128.063,1138.200,43.210,1872.750,3228.000,4028.500,1103.600,1422.000,111.310,109.383
01/09/2015,1600.710,386.170,445.383,1207.090,152.940,127.875,1139.300,49.560,1916.000,3182.000,4158.250,1103.600,1470.500,111.270,109.289
08/09/2015,1627.090,391.420,445.405,1201.140,154.660,127.828,1120.700,49.520,1965.750,3236.000,4298.500,1103.600,1414.500,111.255,109.266
15/09/2015,1634.010,393.690,444.870,1202.330,154.110,127.281,1102.600,46.630,1979.750,3213.000,4361.000,1103.600,1449.000,111.290,109.164
22/09/2015,1600.760,386.510,446.360,1200.880,156.060,128.109,1125.000,49.080,1932.000,3063.000,4267.250,1103.600,1451.500,111.385,109.438
29/09/2015,1550.430,374.060,446.688,1189.990,156.170,128.813,1127.100,48.230,1874.500,3026.000,4074.750,1103.600,1378.000,111.350,109.547
06/10/2015,1640.980,396.230,448.567,1183.340,156.180,129.031,1146.800,51.920,1968.500,3217.000,4290.250,1103.600,1477.500,111.340,109.453
13/10/2015,1661.070,401.800,450.526,1192.310,156.180,128.859,1165.800,49.240,1994.000,3211.000,4341.250,1103.600,1503.000,111.345,109.430
20/10/2015,1677.520,405.860,450.571,1191.990,155.910,128.563,1178.000,48.710,2020.500,3255.000,4424.750,1103.600,1498.000,111.330,109.383
27/10/2015,1696.240,409.860,449.110,1193.540,158.350,128.922,1166.800,46.810,2060.500,3383.000,4632.250,1103.600,1547.000,111.535,109.453
03/11/2015,1717.390,414.380,444.837,1198.540,156.600,127.109,1114.100,50.540,2103.000,3433.000,4712.000,1103.600,1531.000,111.480,109.000
10/11/2015,1690.510,407.240,438.328,1198.820,156.070,126.297,1088.500,47.440,2078.000,3420.000,4643.000,1103.600,1592.500,111.535,108.852
17/11/2015,1676.100,403.670,439.166,1186.120,157.330,126.734,1068.600,43.570,2049.000,3447.000,4569.500,1103.600,1591.000,111.605,108.891
24/11/2015,1695.460,408.600,440.481,1190.360,157.790,126.906,1073.800,46.120,2084.750,3406.000,4666.000,1103.600,1609.500,111.605,108.797
01/12/2015,1710.120,411.150,441.438,1190.740,158.480,127.516,1063.800,44.440,2100.000,3482.000,4716.250,1103.600,1603.000,111.705,108.836
08/12/2015,1670.680,401.140,442.332,1185.310,156.940,126.922,1076.300,40.260,2058.750,3303.000,4687.250,1103.600,1568.000,111.415,108.719
15/12/2015,1646.690,395.150,441.859,1170.970,157.490,126.719,1062.900,38.450,2045.500,3242.000,4606.000,1103.600,1501.500,111.505,108.797
22/12/2015,1650.170,396.650,443.250,1168.200,158.300,126.172,1074.800,36.110,2036.000,3204.000,4591.000,1103.600,1532.500,111.515,108.672
29/12/2015,1685.620,404.580,442.248,1175.690,157.880,125.656,1077.500,37.790,2072.750,3299.000,4690.500,1103.600,1543.500,111.490,108.570
05/01/2016,1630.640,391.140,441.778,1174.070,159.050,126.250,1078.400,36.420,2011.750,3161.000,4483.750,1103.600,1505.000,111.575,108.430
12/01/2016,1561.680,373.980,444.231,1156.500,159.390,127.828,1085.200,30.860,1925.000,3061.000,4312.750,1103.600,1393.500,111.605,108.750
19/01/2016,1520.490,364.610,444.840,1144.210,160.170,128.391,1089.100,28.760,1873.000,2973.000,4144.500,1103.600,1390.000,111.635,108.945
26/01/2016,1535.760,367.630,445.550,1141.630,161.830,128.813,1120.200,31.800,1896.000,3029.000,4226.750,1103.600,1358.500,111.765,109.031
02/02/2016,1538.920,369.310,447.933,1141.610,163.460,130.094,1127.300,32.720,1897.500,2948.000,4192.000,1103.600,1453.500,111.810,109.281
09/02/2016,1488.540,358.430,458.011,1131.830,164.630,131.313,1198.700,30.320,1848.250,2744.000,3944.250,1103.600,1302.500,111.900,109.508
16/02/2016,1519.940,365.320,455.312,1120.300,164.350,130.906,1207.900,32.180,1888.750,2814.000,4092.750,1103.600,1295.500,111.855,109.461
23/02/2016,1540.700,370.470,456.872,1129.630,165.440,130.938,1222.300,33.270,1916.000,2888.000,4159.250,1103.600,1294.500,111.870,109.359
01/03/2016,1575.310,378.380,454.631,1137.300,165.990,130.000,1230.800,36.810,1978.000,2994.000,4337.750,1103.600,1300.500,111.930,109.125
08/03/2016,1593.660,384.070,460.225,1146.840,165.930,129.922,1262.900,39.650,1981.000,3002.000,4270.500,1103.600,1352.500,111.920,109.039
15/03/2016,1619.160,389.730,458.856,1147.520,161.170,128.859,1231.000,38.740,2015.750,3067.000,4364.500,1103.600,1355.500,111.730,108.820
22/03/2016,1643.580,396.970,464.412,1147.910,162.540,128.797,1248.600,41.790,2042.500,2969.000,4434.500,1103.600,1356.000,111.780,109.000
29/03/2016,1635.870,394.530,464.167,1148.310,163.530,130.000,1235.800,39.140,2047.500,2927.000,4458.250,1103.600,1375.000,111.795,109.273
05/04/2016,1618.530,390.680,469.944,1152.610,164.190,130.828,1228.400,37.870,2038.750,2821.000,4469.500,1103.600,1268.000,111.795,109.344
12/04/2016,1644.220,397.120,471.367,1148.620,163.440,130.547,1259.400,44.690,2055.750,2871.000,4490.000,1103.600,1299.000,111.855,109.273
19/04/2016,1692.910,408.750,472.105,1154.450,163.240,130.359,1253.000,44.030,2093.750,3042.000,4526.750,1103.600,1361.500,111.830,109.227
26/04/2016,1685.650,406.680,468.005,1158.960,161.630,129.172,1242.200,45.740,2088.500,3058.000,4452.500,1103.600,1386.000,111.795,108.984
03/05/2016,1658.640,399.770,476.375,1156.770,163.030,130.297,1291.800,44.970,2057.000,2930.000,4334.500,1103.600,1300.000,111.800,109.242
10/05/2016,1662.310,399.880,472.877,1150.060,164.260,130.781,1264.800,45.520,2077.500,2941.000,4392.000,1103.600,1337.000,111.840,109.336
17/05/2016,1641.630,395.140,472.139,1152.190,164.150,130.406,1276.900,49.280,2043.500,2906.000,4319.500,1103.600,1340.500,111.835,109.086
24/05/2016,1654.360,397.230,467.977,1153.180,163.510,129.563,1229.200,48.610,2075.000,2999.000,4445.250,1103.600,1326.000,111.815,108.898
31/05/2016,1674.610,402.570,468.076,1161.880,163.970,129.797,1214.800,49.690,2095.000,3053.000,4524.250,1103.600,1377.000,111.830,108.953
07/06/2016,1694.290,408.260,476.670,1165.140,165.380,130.938,1244.400,51.440,2110.250,3039.000,4514.250,1103.600,1344.500,111.915,109.180
14/06/2016,1630.450,392.810,476.862,1166.120,165.210,131.719,1285.600,49.830,2074.500,2794.000,4425.250,1103.600,1268.000,111.930,109.344
21/06/2016,1668.780,402.210,478.886,1160.760,164.440,131.344,1270.500,50.620,2080.500,2967.000,4400.250,1103.600,1294.000,111.920,109.313
28/06/2016,1599.120,386.140,480.051,1154.330,166.860,133.250,1315.300,48.580,2028.500,2743.000,4281.000,1103.600,1221.500,112.085,109.625
05/07/2016,1645.540,397.510,484.861,1168.780,167.770,133.891,1358.700,47.960,2082.750,2807.000,4404.000,1103.600,1250.000,112.115,109.664
12/07/2016,1690.690,408.390,481.073,1172.230,166.650,132.516,1335.300,48.470,2145.750,2929.000,4569.750,1103.600,1292.000,112.105,109.391
19/07/2016,1698.720,410.830,477.975,1175.690,166.490,132.234,1332.300,46.660,2158.750,2927.000,4606.500,1103.600,1331.000,112.050,109.281
26/07/2016,1705.990,412.540,478.674,1181.010,166.490,132.125,1320.800,44.870,2163.250,2977.000,4663.750,1103.600,1305.500,111.985,109.227
02/08/2016,1706.520,412.950,485.011,1181.290,166.590,132.547,1364.400,41.800,2152.750,2906.000,4714.250,1103.600,1295.500,111.960,109.414
09/08/2016,1728.520,418.860,483.943,1182.950,167.440,132.344,1339.000,44.980,2177.500,3028.000,4791.750,1103.600,1316.500,112.015,109.320
16/08/2016,1730.940,420.180,487.047,1186.030,166.700,132.000,1350.500,49.230,2176.750,3022.000,4798.500,1103.600,1297.000,111.985,109.234
23/08/2016,1738.550,421.370,489.499,1186.260,167.670,132.219,1340.600,49.960,2185.250,2993.000,4817.000,1103.600,1298.000,112.005,109.234
30/08/2016,1723.650,417.770,484.095,1183.320,167.730,131.891,1313.000,48.370,2175.250,3033.000,4776.000,1103.600,1313.500,112.015,109.141
06/09/2016,1745.890,423.820,486.572,1185.530,168.060,132.297,1350.400,47.260,2184.500,3070.000,4827.500,1103.600,1353.000,112.100,109.250
13/09/2016,1694.830,410.890,481.312,1184.320,163.290,130.969,1319.600,47.100,2128.750,2975.000,4727.750,1103.600,1311.000,111.995,109.102
20/09/2016,1703.230,413.350,481.736,1182.710,164.180,131.484,1314.000,45.880,2131.000,2954.000,4798.500,1103.600,1302.500,112.075,109.148
27/09/2016,1719.880,417.570,486.603,1187.690,165.980,131.531,1326.000,45.970,2152.750,2955.000,4860.750,1103.600,1339.500,112.170,109.289
04/10/2016,1717.820,417.360,481.841,1189.720,165.300,130.500,1266.300,50.870,2144.750,3023.000,4857.500,1103.600,1341.000,112.145,109.055
11/10/2016,1700.330,413.070,476.298,1190.010,163.720,129.891,1253.000,52.410,2134.500,3007.000,4827.000,1103.600,1353.500,112.095,108.844
18/10/2016,1701.100,413.390,475.733,1184.840,163.740,130.297,1260.800,51.680,2132.000,3038.000,4827.000,1103.600,1354.000,112.100,108.969
25/10/2016,1701.200,413.900,473.745,1189.690,164.020,130.172,1271.900,50.790,2138.000,3075.000,4886.000,1103.600,1378.000,112.060,108.914
01/11/2016,1683.960,409.380,473.361,1183.910,161.840,129.797,1288.000,48.140,2103.750,3011.000,4757.250,1103.600,1393.500,111.975,108.961
08/11/2016,1691.740,411.060,473.636,1171.900,161.920,129.500,1274.500,46.040,2135.500,3016.000,4802.250,1103.600,1367.500,111.995,108.922
15/11/2016,1701.820,410.130,459.612,1185.050,160.410,126.422,1224.500,46.950,2179.250,3051.000,4766.000,1103.600,1402.000,112.005,108.578
22/11/2016,1713.070,413.370,455.107,1188.450,161.400,125.703,1211.200,49.120,2200.250,3042.000,4874.750,1103.600,1450.000,112.230,108.469
29/11/2016,1715.420,413.930,455.163,1192.740,161.500,125.766,1187.900,46.380,2203.750,3035.000,4875.000,1103.600,1466.000,112.295,108.445
06/12/2016,1727.820,416.750,454.551,1191.180,160.050,125.203,1167.600,53.930,2210.000,3104.000,4786.750,1103.600,1480.000,112.220,108.398
13/12/2016,1774.010,427.520,451.751,1203.840,161.710,124.672,1156.700,55.720,2273.250,3240.000,4937.750,1103.600,1537.500,112.235,108.344
20/12/2016,1761.430,423.480,445.982,1203.230,163.040,123.938,1131.500,55.350,2266.500,3268.000,4956.000,1103.600,1553.500,112.300,108.164
27/12/2016,1760.560,422.950,447.399,1205.520,164.150,123.203,1137.300,56.090,2261.000,3270.000,4961.250,1103.600,1534.000,112.370,108.164
03/01/2017,1757.990,423.610,447.680,1203.460,163.210,124.109,1162.000,55.470,2252.500,3306.000,4906.250,1103.600,1518.000,112.300,108.047
10/01/2017,1779.620,429.170,452.579,1208.400,163.120,124.766,1185.500,53.640,2263.750,3300.000,5031.250,1103.600,1543.000,112.275,108.117
17/01/2017,1782.860,430.330,457.082,1211.850,163.900,125.234,1212.900,55.470,2262.750,3281.000,5040.250,1103.600,1504.500,112.305,108.195
24/01/2017,1790.570,432.700,455.736,1208.780,162.760,124.219,1210.800,55.440,2274.500,3273.000,5096.250,1103.600,1509.500,112.175,108.086
31/01/2017,1792.400,433.130,456.442,1216.070,162.130,124.469,1208.600,55.700,2274.500,3234.000,5112.750,1103.600,1517.000,112.225,108.102
07/02/2017,1797.290,434.730,455.838,1214.290,163.380,125.109,1234.200,55.050,2288.500,3231.000,5176.750,1103.600,1514.500,112.375,108.195
14/02/2017,1823.630,441.140,452.707,1218.850,163.420,124.234,1223.900,55.970,2337.000,3308.000,5276.000,1103.600,1542.500,112.415,108.031
21/02/2017,1843.050,445.920,453.603,1224.010,164.410,124.703,1237.500,56.660,2360.000,3337.000,5343.750,1103.600,1555.500,112.545,108.133
28/02/2017,1838.700,444.500,458.600,1222.170,166.050,125.109,1253.900,55.590,2362.750,3324.000,5332.250,1103.600,1534.000,112.640,108.203
07/03/2017,1840.570,444.910,453.436,1226.170,164.390,124.047,1216.100,55.920,2366.500,3380.000,5349.750,1103.600,1555.000,112.615,107.961
14/03/2017,1842.980,445.610,451.214,1221.320,159.560,123.563,1202.600,50.920,2366.500,3398.000,5381.500,1103.600,1561.000,112.300,107.875
21/03/2017,1846.390,448.050,458.528,1223.670,159.560,124.906,1246.500,50.960,2342.250,3350.000,5338.250,1103.600,1549.000,112.140,108.109
28/03/2017,1858.880,450.600,461.649,1220.520,160.600,124.359,1255.600,51.330,2351.500,3391.000,5405.000,1103.600,1529.500,112.120,108.148
04/04/2017,1850.020,448.430,460.444,1223.420,162.530,125.031,1255.000,54.170,2356.500,3409.000,5444.000,1103.600,1504.500,112.360,108.102
11/04/2017,1847.880,447.410,461.717,1224.010,163.210,125.484,1271.200,56.230,2351.000,3399.000,5401.750,1103.600,1493.000,112.495,108.047
18/04/2017,1837.340,445.310,465.768,1221.200,163.680,126.516,1291.700,54.890,2337.250,3351.000,5389.250,1103.600,1472.500,112.510,108.297
25/04/2017,1882.040,456.230,464.402,1223.200,160.980,125.406,1265.600,52.100,2385.000,3521.000,5548.250,1103.600,1519.500,112.145,108.086
02/05/2017,1886.150,457.400,464.044,1228.620,161.690,125.703,1257.000,50.460,2385.750,3526.000,5639.750,1103.600,1554.500,112.210,108.172
09/05/2017,1893.410,459.090,460.771,1230.600,160.290,124.828,1216.100,48.730,2393.250,3613.000,5676.250,1103.600,1584.500,112.110,107.969
16/05/2017,1906.230,463.110,465.251,1230.530,160.480,125.547,1236.400,51.650,2397.000,3621.000,5724.250,1103.600,1582.000,112.105,108.133
23/05/2017,1906.690,462.660,469.599,1229.430,160.870,125.859,1255.500,54.150,2398.000,3581.000,5711.500,1103.600,1568.000,112.135,108.156
30/05/2017,1909.900,463.730,470.407,1232.080,162.330,126.438,1262.100,51.840,2410.750,3547.000,5792.000,1103.600,1572.000,112.250,108.234
06/06/2017,1926.050,467.420,473.816,1237.820,162.920,127.016,1294.400,50.120,2430.750,3548.000,5863.250,1103.600,1597.000,112.305,108.219
13/06/2017,1928.740,467.690,472.069,1234.530,164.930,126.609,1265.800,48.720,2440.000,3555.000,5751.250,1103.600,1593.000,112.170,108.109
20/06/2017,1922.540,466.290,470.904,1233.920,164.920,126.922,1241.000,46.020,2437.500,3555.000,5732.750,1103.600,1615.000,112.050,108.125
27/06/2017,1917.570,465.640,471.944,1236.590,163.750,126.281,1246.400,46.650,2420.500,3530.000,5676.500,1103.600,1613.500,111.875,108.109
04/07/2017,1918.900,465.410,469.508,1234.250,161.850,125.109,1219.200,49.610,2425.000,3479.000,5589.250,1103.600,1608.500,111.910,107.883
11/07/2017,1915.670,465.310,468.205,1234.210,160.690,125.172,1214.700,47.520,2424.500,3455.000,5720.000,1103.600,1628.000,111.880,107.930
18/07/2017,1949.660,474.440,475.305,1242.650,161.610,126.109,1241.900,48.840,2457.750,3474.000,5882.750,1103.600,1620.000,111.965,108.008
25/07/2017,1960.590,477.240,476.025,1244.480,161.600,125.578,1252.100,50.200,2474.000,3472.000,5933.750,1103.600,1614.000,112.005,107.945
01/08/2017,1970.390,479.730,480.741,1245.350,162.800,126.234,1272.600,51.780,2472.250,3473.000,5889.250,1103.600,1630.000,112.115,108.070
08/08/2017,1966.810,479.450,478.670,1244.620,163.130,126.016,1256.400,52.140,2472.750,3512.000,5918.000,1103.600,1636.000,112.070,108.023
15/08/2017,1949.230,474.320,478.827,1236.470,163.850,126.156,1273.700,50.800,2463.750,3462.000,5912.000,1103.600,1616.000,112.160,108.055
22/08/2017,1945.180,474.480,481.292,1237.790,164.440,126.563,1285.100,51.870,2452.750,3455.000,5878.500,1103.600,1594.000,112.205,108.117
29/08/2017,1945.050,474.910,486.563,1244.380,165.430,127.188,1313.100,52.000,2447.000,3387.000,5869.750,1103.600,1598.500,112.260,108.180
05/09/2017,1954.640,477.160,486.673,1251.070,165.520,127.672,1340.600,53.380,2459.750,3421.000,5939.250,1103.600,1595.000,112.325,108.234
12/09/2017,1988.280,485.300,485.055,1250.340,161.870,126.906,1328.800,54.270,2496.000,3512.000,5996.500,1103.600,1616.000,112.195,108.148
19/09/2017,1996.090,487.370,483.345,1253.300,161.090,126.281,1306.700,55.140,2504.750,3516.000,5997.000,1103.600,1653.000,112.115,107.977
26/09/2017,1983.250,483.070,480.581,1255.820,161.710,126.000,1297.700,58.440,2495.500,3520.000,5892.500,1103.600,1656.500,112.165,107.906
03/10/2017,2009.630,489.630,478.284,1256.790,161.120,125.328,1271.500,56.000,2532.750,3596.000,5998.000,1103.600,1682.500,112.165,107.742
10/10/2017,2021.560,493.000,479.605,1260.460,161.480,125.266,1290.600,56.610,2548.500,3588.000,6065.250,1103.600,1695.500,112.155,107.641
17/10/2017,2027.360,494.930,480.135,1261.500,162.620,125.438,1283.000,57.880,2557.000,3606.000,6123.750,1103.600,1724.500,112.230,107.539
24/10/2017,2031.380,495.160,477.148,1263.700,161.110,124.734,1275.000,58.330,2567.250,3606.000,6079.500,1103.600,1756.500,112.170,107.531
31/10/2017,2036.800,496.620,477.752,1261.940,162.750,124.938,1270.500,61.370,2572.750,3678.000,6249.750,1103.600,1763.000,112.265,107.516
07/11/2017,2046.780,499.580,478.187,1265.390,163.280,125.422,1275.800,63.690,2586.750,3656.000,6316.000,1103.600,1818.500,112.300,107.484
14/11/2017,2031.880,495.530,478.415,1261.720,162.390,124.734,1282.900,62.210,2578.000,3552.000,6293.500,1103.600,1780.500,112.260,107.375
21/11/2017,2047.150,500.510,480.364,1259.730,163.080,124.688,1281.700,62.570,2596.250,3576.000,6379.500,1103.600,1773.000,112.255,107.203
28/11/2017,2066.550,504.450,483.367,1267.470,163.170,124.969,1294.900,63.610,2626.000,3582.000,6420.250,1103.600,1772.500,112.220,107.273
05/12/2017,2063.640,502.330,482.647,1265.400,163.480,124.594,1261.600,62.860,2628.250,3573.000,6271.750,1103.600,1793.500,112.300,107.117
12/12/2017,2083.430,506.310,480.309,1265.960,163.270,124.359,1238.500,63.340,2665.000,3596.000,6384.250,1103.600,1814.500,112.155,107.109
19/12/2017,2096.340,510.120,481.088,1265.420,162.380,123.875,1260.700,63.800,2684.000,3572.000,6500.750,1103.600,1811.500,112.045,107.070
26/12/2017,2099.310,511.100,481.067,1275.460,161.770,123.625,1284.100,67.020,2687.000,3541.000,6460.000,1103.600,1827.000,111.950,107.000
02/01/2018,2116.040,516.760,484.556,1275.600,161.280,123.688,1316.100,66.570,2693.000,3473.000,6514.750,1103.600,1817.000,111.955,106.984
09/01/2018,2161.780,528.020,482.483,1290.870,161.300,123.047,1313.700,68.820,2752.250,3612.000,6687.000,1103.600,1887.500,111.965,106.883
16/01/2018,2188.390,534.410,487.966,1301.010,160.770,122.984,1337.100,69.150,2782.500,3607.000,6762.250,1103.600,1892.500,111.870,106.672
23/01/2018,2230.050,545.170,488.669,1302.600,160.800,122.422,1336.700,69.960,2839.500,3659.000,6965.750,1103.600,1911.000,111.930,106.563
30/01/2018,2214.110,541.500,489.673,1315.980,158.910,121.641,1335.400,69.020,2824.500,3603.000,6941.500,1103.600,1855.500,111.815,106.430
06/02/2018,2098.850,512.970,487.206,1298.890,158.860,121.484,1326.100,66.860,2694.250,3391.000,6653.750,1103.600,1732.000,111.880,106.477
13/02/2018,2080.680,508.440,486.743,1274.200,158.110,121.000,1328.100,62.720,2661.750,3341.000,6560.500,1103.600,1708.000,111.900,106.438
20/02/2018,2126.220,519.810,487.018,1293.210,158.390,120.484,1328.800,65.250,2714.000,3435.000,6790.500,1103.600,1763.000,111.910,106.234
27/02/2018,2140.570,523.830,485.645,1289.300,159.200,120.391,1318.600,66.630,2747.500,3452.000,6915.750,1103.600,1790.000,111.930,106.234
06/03/2018,2117.770,517.960,488.836,1272.240,159.250,120.672,1335.200,65.790,2724.000,3357.000,6907.750,1103.600,1716.000,112.000,106.266
13/03/2018,2144.600,525.310,489.461,1281.590,157.470,120.922,1327.100,64.640,2768.500,3390.000,7058.250,1103.600,1735.500,111.850,106.266
20/03/2018,2110.910,517.330,488.233,1277.500,158.060,120.719,1311.900,67.420,2723.500,3326.000,6917.500,1103.600,1695.500,111.900,106.172
27/03/2018,2055.550,504.130,492.239,1266.530,159.230,120.906,1342.000,70.110,2615.750,3229.000,6561.250,1103.600,1695.500,111.965,106.336
03/04/2018,2048.800,501.890,490.688,1262.630,159.300,120.844,1332.800,68.120,2613.250,3264.000,6469.250,1103.600,1705.500,111.945,106.164
10/04/2018,2090.110,511.040,491.138,1259.590,159.050,120.766,1342.000,71.040,2655.000,3360.000,6624.250,1103.600,1735.500,111.865,106.063
17/04/2018,2116.430,516.120,491.577,1267.370,159.340,120.563,1347.200,71.580,2706.500,3407.000,6828.750,1103.600,1727.500,111.910,105.945
24/04/2018,2081.520,508.080,484.253,1271.670,157.760,119.328,1331.400,73.860,2635.250,3435.000,6526.750,1103.600,1769.000,111.845,105.836
01/05/2018,2083.770,509.000,481.356,1264.690,158.740,119.375,1306.800,73.130,2652.250,3474.000,6692.000,1103.600,1774.000,111.915,105.758
08/05/2018,2095.070,510.390,479.590,1263.960,158.850,119.516,1313.700,74.850,2670.250,3511.000,6820.500,1103.600,1783.000,111.915,105.773
15/05/2018,2119.980,516.140,477.254,1271.360,157.760,118.609,1290.300,78.430,2709.000,3529.000,6890.500,1103.600,1805.500,111.855,105.648
22/05/2018,2128.780,517.600,475.703,1276.220,158.900,118.875,1292.000,79.570,2726.000,3574.000,6909.250,1103.600,1811.000,111.965,105.688
29/05/2018,2083.270,506.990,478.586,1267.930,162.800,121.234,1299.000,75.390,2692.250,3412.000,6944.500,1103.600,1758.500,112.335,106.328
05/06/2018,2119.360,515.720,477.867,1267.820,161.460,120.031,1297.500,75.380,2751.500,3455.000,7179.250,1103.600,1774.500,112.120,105.922
12/06/2018,2145.360,521.070,477.319,1271.640,159.850,119.734,1295.100,75.880,2784.000,3473.000,7199.500,1103.600,1790.000,111.925,105.852
19/06/2018,2111.440,510.780,476.425,1271.050,161.530,120.141,1275.600,75.080,2766.250,3427.000,7252.250,1103.600,1738.000,112.020,105.859
26/06/2018,2088.410,504.910,477.064,1267.470,162.090,120.000,1256.600,76.310,2728.500,3364.000,7104.000,1103.600,1730.500,112.095,105.898
03/07/2018,2082.050,503.000,477.884,1264.780,162.720,120.313,1253.500,77.760,2713.250,3397.000,7023.750,1103.600,1686.500,112.095,105.688
10/07/2018,2135.870,515.520,478.661,1269.180,162.380,120.016,1255.400,78.860,2796.750,3466.000,7301.500,1103.600,1717.000,112.030,105.617
17/07/2018,2138.150,515.720,477.511,1276.340,162.850,120.125,1227.300,72.160,2811.250,3452.000,7421.750,1103.600,1748.000,112.025,105.594
24/07/2018,2151.080,519.000,477.321,1270.410,162.280,119.563,1225.500,73.440,2821.000,3481.000,7416.250,1103.600,1749.000,111.980,105.563
31/07/2018,2153.100,519.820,476.862,1266.110,161.580,119.422,1223.700,74.250,2817.000,3525.000,7244.750,1103.600,1748.000,111.905,105.516
07/08/2018,2166.850,522.340,475.441,1263.220,162.010,119.469,1209.600,74.650,2859.750,3506.000,7477.250,1103.600,1744.500,111.920,105.531
14/08/2018,2137.360,513.990,473.575,1262.320,163.210,120.109,1193.000,72.460,2841.000,3410.000,7457.750,1103.600,1710.500,112.040,105.633
21/08/2018,2151.790,517.170,476.843,1260.830,163.240,120.453,1192.600,72.630,2861.750,3412.000,7397.500,1103.600,1683.000,112.025,105.711
28/08/2018,2182.510,525.180,477.674,1263.830,162.520,120.094,1207.400,75.950,2899.250,3455.000,7578.000,1103.600,1731.500,111.945,105.625
04/09/2018,2162.830,519.300,475.055,1268.610,162.870,120.063,1194.000,78.170,2898.250,3358.000,7638.750,1103.600,1723.000,111.960,105.625
11/09/2018,2147.670,514.030,474.669,1256.780,159.300,119.500,1196.800,79.060,2889.750,3311.000,7512.000,1103.600,1697.000,111.810,105.453
18/09/2018,2172.270,520.190,475.197,1260.500,158.740,118.984,1198.500,79.030,2906.500,3356.000,7495.250,1103.600,1747.000,111.780,105.359
25/09/2018,2194.200,526.090,474.722,1263.100,157.870,118.453,1199.700,81.870,2921.250,3405.000,7595.250,1103.600,1806.500,111.720,105.328
02/10/2018,2183.620,523.360,472.334,1259.880,159.520,118.813,1202.400,84.800,2928.500,3375.000,7652.750,1103.600,1825.000,111.855,105.320
09/10/2018,2138.460,511.540,468.445,1252.560,158.090,117.813,1187.200,85.000,2888.250,3313.000,7399.000,1103.600,1761.500,111.790,105.125
16/10/2018,2091.210,500.940,471.692,1229.620,158.720,118.219,1227.300,81.410,2817.750,3247.000,7353.750,1103.600,1681.000,111.860,105.180
23/10/2018,2033.890,487.370,469.893,1230.090,159.790,118.266,1233.400,76.440,2746.250,3137.000,7140.250,1103.600,1641.500,111.940,105.195
30/10/2018,1997.190,478.190,468.969,1215.200,160.440,118.781,1225.300,75.910,2685.250,3143.000,6815.250,1103.600,1610.000,111.990,105.328
06/11/2018,2050.650,492.700,468.635,1224.790,159.700,118.000,1226.300,72.130,2759.000,3203.000,7016.500,1103.600,1665.500,111.945,105.141
13/11/2018,2026.520,486.100,467.128,1221.090,160.080,118.516,1201.400,65.470,2727.500,3219.000,6853.000,1103.600,1633.500,111.955,105.227
20/11/2018,1976.910,475.870,469.899,1209.800,160.890,119.344,1221.200,62.530,2640.000,3108.000,6532.500,1103.600,1622.000,112.000,105.484
27/11/2018,2000.070,481.240,468.181,1209.880,161.020,119.250,1213.400,60.210,2683.500,3161.000,6712.500,1103.600,1648.000,111.975,105.430
04/12/2018,2016.890,486.730,472.175,1213.220,162.090,120.094,1241.100,62.080,2701.750,3184.000,6803.250,1103.600,1649.000,112.030,105.500
11/12/2018,1954.650,470.700,472.000,1202.010,163.480,120.453,1241.900,60.200,2641.250,3061.000,6717.000,1103.600,1575.000,111.890,105.648
18/12/2018,1908.160,460.680,474.491,1195.760,163.340,120.953,1249.200,56.260,2535.750,3046.000,6462.750,1103.600,1559.500,111.885,105.852
25/12/2018,1795.280,435.900,477.345,1181.160,163.360,121.406,1267.500,50.470,2341.750,2981.000,5892.000,1103.600,1397.000,111.895,106.008
01/01/2019,1883.930,455.680,478.915,1186.210,163.540,122.016,1281.300,53.800,2505.250,2974.000,6333.250,1103.600,1493.500,111.940,106.156
08/01/2019,1935.790,467.270,480.138,1197.020,163.740,121.750,1285.900,58.720,2572.500,3049.000,6557.250,1103.600,1521.500,111.890,106.070
15/01/2019,1963.610,474.860,481.430,1207.280,164.890,121.906,1288.400,60.640,2605.500,3056.000,6676.750,1103.600,1541.000,111.990,106.168
22/01/2019,1978.830,478.410,480.398,1210.550,164.470,121.578,1283.400,61.500,2632.000,3099.000,6653.000,1103.600,1553.500,111.920,106.051
29/01/2019,1989.600,481.770,483.111,1210.390,165.080,121.781,1308.900,61.320,2640.250,3144.000,6638.750,1103.600,1556.500,111.890,106.051
05/02/2019,2051.360,496.180,483.781,1214.760,165.490,121.875,1314.200,61.980,2731.000,3208.000,7008.000,1103.600,1584.000,111.880,106.129
12/02/2019,2045.120,494.300,482.130,1216.760,166.020,121.953,1309.200,62.420,2744.750,3192.000,7018.500,1103.600,1575.500,111.885,106.152
19/02/2019,2075.910,500.580,483.801,1220.070,166.420,122.219,1340.100,66.450,2778.750,3236.000,7068.250,1103.600,1607.000,111.880,106.164
26/02/2019,2091.700,505.510,484.705,1223.080,166.270,122.328,1325.100,65.210,2791.500,3291.000,7117.750,1103.600,1619.500,111.845,106.203
05/03/2019,2087.500,504.070,481.566,1224.640,165.520,121.688,1284.700,65.860,2791.500,3326.000,7165.500,1103.600,1621.000,111.795,105.996
12/03/2019,2083.380,502.990,484.468,1220.910,164.540,122.609,1298.100,66.670,2792.000,3308.000,7206.500,1103.600,1587.500,111.850,106.219
19/03/2019,2120.440,511.970,486.258,1225.180,163.960,122.500,1306.500,67.610,2836.500,3328.000,7376.500,1103.600,1590.500,111.810,106.180
26/03/2019,2102.620,507.020,490.075,1224.010,165.580,124.406,1315.000,67.970,2823.000,3239.000,7376.750,1103.600,1595.000,111.880,106.617
02/04/2019,2131.710,514.390,487.604,1220.760,166.110,123.766,1290.000,69.370,2867.000,3321.000,7519.250,1103.600,1608.000,111.995,106.648
09/04/2019,2143.200,518.090,488.603,1222.390,165.480,123.641,1303.500,70.610,2882.500,3350.000,7593.250,1103.600,1612.500,111.905,106.574
16/04/2019,2163.080,522.330,487.095,1222.870,164.600,122.828,1272.600,71.720,2911.500,3394.000,7679.500,1103.600,1625.000,111.890,106.383
23/04/2019,2174.390,524.530,486.097,1223.810,164.940,123.125,1269.300,74.510,2938.000,3436.000,7838.000,1103.600,1621.500,111.900,106.500
30/04/2019,2178.670,524.840,488.011,1228.610,165.310,123.672,1285.700,72.800,2948.500,3452.000,7800.000,1103.600,1615.000,111.920,106.688
07/05/2019,2135.490,514.400,489.450,1228.730,166.080,124.016,1285.600,69.880,2890.750,3353.000,7674.000,1103.600,1601.500,111.960,106.652
14/05/2019,2098.760,504.170,490.257,1222.270,166.590,124.328,1296.300,71.240,2839.250,3325.000,7421.000,1103.600,1532.000,112.030,106.824
21/05/2019,2117.660,507.320,488.942,1222.120,166.490,124.141,1273.200,72.180,2866.000,3366.000,7464.000,1103.600,1548.500,112.005,106.695
28/05/2019,2084.570,499.660,492.229,1221.600,167.800,125.391,1277.100,70.110,2805.000,3338.000,7295.250,1103.600,1548.500,112.060,106.988
04/06/2019,2077.660,499.210,496.884,1220.430,168.460,126.594,1323.400,61.970,2805.000,3334.000,7179.250,1103.600,1493.500,112.050,107.473
11/06/2019,2139.740,513.910,499.206,1225.270,171.360,126.438,1326.400,62.290,2887.000,3402.000,7518.250,1103.600,1560.500,112.110,107.336
18/06/2019,2150.910,515.820,499.722,1233.110,172.860,127.141,1346.600,62.140,2921.750,3457.000,7645.250,1103.600,1525.000,112.300,107.426
25/06/2019,2163.730,519.780,505.955,1239.100,172.880,128.125,1414.900,65.050,2922.000,3437.000,7628.750,1103.600,1535.000,112.275,107.688
02/07/2019,2198.550,528.240,504.945,1240.100,173.350,128.141,1408.000,62.400,2979.500,3499.000,7838.250,1103.600,1589.000,112.310,107.656
09/07/2019,2193.650,525.960,502.611,1248.030,173.210,127.297,1400.500,64.160,2982.000,3501.000,7845.250,1103.600,1571.000,112.255,107.426
16/07/2019,2208.090,530.070,502.320,1246.180,172.340,126.922,1411.200,64.350,3007.000,3512.000,7942.750,1103.600,1565.000,112.250,107.465
23/07/2019,2209.590,530.100,503.571,1247.350,173.910,127.359,1421.700,63.830,3008.000,3531.000,7983.750,1103.600,1569.500,112.335,107.547
30/07/2019,2203.400,528.070,503.091,1250.170,174.550,127.344,1429.700,64.720,3012.250,3459.000,7963.250,1103.600,1574.500,112.290,107.480
06/08/2019,2109.200,503.970,510.125,1249.500,176.580,129.766,1472.400,58.940,2876.000,3291.000,7515.500,1103.600,1493.500,112.410,107.969
13/08/2019,2134.540,509.120,511.788,1248.130,177.680,129.828,1502.200,61.300,2932.000,3359.000,7748.000,1103.600,1478.000,112.515,107.805
20/08/2019,2119.570,506.610,513.466,1249.010,178.900,130.734,1504.600,60.030,2898.250,3346.000,7668.000,1103.600,1505.000,112.585,108.105
27/08/2019,2104.850,502.580,515.463,1250.020,178.940,131.141,1541.000,59.510,2865.500,3361.000,7562.750,1103.600,1486.000,112.525,108.039
03/09/2019,2126.920,507.760,514.770,1254.440,179.320,131.453,1549.600,58.260,2906.000,3414.000,7617.500,1103.600,1512.000,112.550,108.145
10/09/2019,2179.430,520.950,509.956,1258.310,173.980,129.563,1492.700,62.380,2978.500,3499.000,7815.000,1103.600,1556.500,112.475,107.703
17/09/2019,2201.770,526.320,507.533,1256.170,172.870,128.719,1506.900,64.550,3005.500,3522.000,7890.250,1103.600,1597.000,112.205,107.570
24/09/2019,2182.070,521.700,511.886,1259.700,174.730,130.719,1532.600,63.100,2970.250,3518.000,7735.250,1103.600,1609.000,112.265,107.840
01/10/2019,2158.470,515.950,509.090,1259.940,174.200,130.656,1482.000,58.890,2937.750,3512.000,7695.500,1103.600,1608.000,112.325,108.066
08/10/2019,2124.150,508.420,512.040,1260.190,174.670,131.703,1497.200,58.240,2892.500,3425.000,7622.000,1103.600,1588.000,112.355,108.387
15/10/2019,2196.610,525.250,508.606,1260.110,171.890,129.766,1477.600,58.740,2997.750,3592.000,7959.750,1103.600,1619.500,112.145,107.871
22/10/2019,2204.290,527.760,510.135,1260.260,171.420,129.813,1481.700,59.700,2994.500,3593.000,7858.750,1103.600,1628.500,112.075,107.922
29/10/2019,2232.450,534.290,508.727,1263.000,171.040,129.266,1487.000,61.590,3035.750,3611.000,8055.250,1103.600,1663.000,112.030,107.773
05/11/2019,2259.260,541.600,508.104,1264.720,170.530,128.922,1483.700,62.960,3072.000,3669.000,8210.750,1103.600,1700.000,112.025,107.746
12/11/2019,2270.010,542.950,505.306,1267.040,169.540,128.531,1453.700,62.060,3092.000,3711.000,8275.000,1103.600,1713.000,111.980,107.691
19/11/2019,2284.850,546.170,509.316,1269.600,170.910,129.438,1474.300,60.910,3118.500,3691.000,8341.500,1103.600,1696.000,112.015,107.836
26/11/2019,2294.780,547.710,509.152,1269.840,171.450,129.688,1460.300,64.270,3143.750,3704.000,8400.750,1103.600,1705.500,111.995,107.844
03/12/2019,2263.100,540.390,510.432,1276.900,171.040,129.969,1478.200,60.820,3091.000,3609.000,8251.250,1103.600,1702.500,112.015,107.914
10/12/2019,2289.670,546.740,509.384,1278.630,172.230,128.938,1462.600,64.340,3136.000,3667.000,8363.750,1103.600,1722.500,111.990,107.656
17/12/2019,2336.620,559.900,510.127,1284.920,172.130,128.578,1474.600,66.100,3192.000,3745.000,8576.250,1103.600,1744.500,111.975,107.648
24/12/2019,2351.840,563.500,508.680,1289.100,171.430,128.313,1499.100,67.200,3225.750,3766.000,8729.500,1103.600,1724.000,111.970,107.637
31/12/2019,2358.470,565.240,511.671,1293.460,170.490,128.422,1523.100,66.000,3231.000,3729.000,8752.250,1103.600,1721.000,111.905,107.750
07/01/2020,2362.430,566.150,511.972,1293.550,172.120,129.156,1574.300,68.270,3235.250,3750.000,8853.000,1103.600,1721.500,111.975,107.918
14/01/2020,2388.500,573.370,510.709,1299.450,171.010,129.141,1544.600,64.490,3288.000,3762.000,9062.500,1103.600,1740.000,111.895,107.855
21/01/2020,2409.290,576.690,512.326,1306.670,172.210,129.578,1557.900,64.590,3319.500,3778.000,9169.750,1103.600,1735.500,111.905,107.945
28/01/2020,2372.520,567.400,514.481,1305.100,173.680,130.609,1569.800,59.510,3278.250,3709.000,9105.250,1103.600,1691.000,111.995,108.098
04/02/2020,2383.300,568.650,515.465,1297.730,174.530,130.891,1550.400,53.960,3299.500,3722.000,9355.000,1103.600,1685.500,112.045,108.172
11/02/2020,2421.260,577.510,514.293,1306.090,174.260,131.000,1565.600,54.010,3357.500,3825.000,9527.250,1103.600,1716.500,112.010,108.180
18/02/2020,2421.470,577.320,514.141,1311.630,174.530,131.203,1600.000,57.750,3369.250,3829.000,9636.000,1103.600,1668.000,112.035,108.188
25/02/2020,2269.420,542.910,517.614,1312.280,176.020,133.125,1646.900,54.950,3132.500,3571.000,8854.250,1103.600,1622.500,112.135,108.625
03/03/2020,2179.480,522.210,526.176,1279.080,177.740,136.000,1644.400,51.860,2997.000,3354.000,8582.500,1103.600,1490.000,112.370,109.391
10/03/2020,2051.960,491.460,531.522,1275.570,177.590,137.547,1660.300,37.220,2865.750,2914.000,8331.500,1103.600,1407.000,112.720,109.930
17/03/2020,1772.940,424.210,506.623,1221.400,171.930,136.063,1525.800,28.730,2495.500,2518.000,7405.250,1103.600,1229.000,112.485,109.844
24/03/2020,1742.610,416.270,498.215,1173.450,170.270,137.453,1660.800,27.150,2438.000,2636.000,7554.750,1103.600,1354.500,112.025,110.105
31/03/2020,1852.730,442.350,509.999,1199.580,172.510,138.688,1583.400,22.740,2569.750,2747.000,7786.250,1103.600,1403.000,112.190,110.191
07/04/2020,1895.040,453.090,508.180,1198.600,170.490,137.906,1664.800,31.870,2642.000,2823.000,8012.000,1103.600,1419.500,112.035,110.176
14/04/2020,2006.810,477.700,515.130,1212.230,171.540,138.219,1756.700,29.600,2843.000,2885.000,8692.500,1103.600,1433.500,112.130,110.305
21/04/2020,1932.250,460.910,513.971,1232.300,172.910,139.391,1678.200,19.330,2732.000,2756.000,8431.750,1103.600,1417.500,112.165,110.344
28/04/2020,2023.350,481.580,516.604,1231.170,172.750,139.016,1710.500,20.460,2867.250,2893.000,8719.750,1103.600,1454.000,112.160,110.313
05/05/2020,2018.110,480.040,517.485,1238.890,174.410,138.859,1710.600,30.970,2858.250,2852.000,8924.250,1103.600,1427.500,112.370,110.324
12/05/2020,2034.060,484.240,515.958,1239.260,173.370,138.953,1706.800,29.980,2852.500,2872.000,9078.250,1103.600,1470.000,112.215,110.375
19/05/2020,2061.370,490.980,516.971,1239.420,172.700,138.859,1745.600,34.650,2918.750,2895.000,9300.750,1103.600,1490.500,112.090,110.375
26/05/2020,2114.270,502.180,519.260,1249.330,172.160,138.953,1705.600,36.170,2994.500,2994.000,9406.500,1103.600,1537.000,112.035,110.387
02/06/2020,2187.090,520.060,523.130,1256.380,171.860,139.188,1725.200,39.570,3077.000,3145.000,9647.750,1103.600,1588.500,112.020,110.383
09/06/2020,2275.280,541.230,526.083,1271.130,173.460,138.156,1714.700,41.180,3205.500,3319.000,9951.000,1103.600,1629.500,111.965,110.297
16/06/2020,2219.100,528.200,526.337,1268.010,175.400,138.797,1729.600,40.960,3128.750,3239.000,9972.500,1103.600,1582.000,112.065,110.316
23/06/2020,2236.040,533.330,528.831,1276.570,175.610,138.750,1772.100,42.630,3118.500,3282.000,10196.000,1103.600,1586.500,112.080,110.340
30/06/2020,2201.790,524.910,526.933,1277.480,176.520,139.172,1800.500,41.150,3090.250,3223.000,10147.250,1103.600,1558.500,112.140,110.414
07/07/2020,2243.170,537.260,529.287,1281.650,175.880,139.203,1809.900,43.080,3136.500,3312.000,10532.250,1103.600,1569.000,112.070,110.387
14/07/2020,2270.690,543.470,531.663,1287.630,176.200,139.422,1813.400,42.900,3183.500,3304.000,10646.250,1103.600,1563.500,112.050,110.406
21/07/2020,2321.550,555.810,535.742,1291.310,176.370,139.516,1843.900,44.320,3251.250,3398.000,10851.000,1103.600,1578.500,112.065,110.434
28/07/2020,2299.910,551.030,541.785,1293.030,177.130,139.703,1944.600,43.220,3213.000,3301.000,10540.000,1103.600,1566.000,112.110,110.461
04/08/2020,2336.820,559.250,543.257,1295.720,177.810,140.328,2001.200,44.430,3300.000,3246.000,11086.000,1103.600,1556.000,112.150,110.527
11/08/2020,2359.470,564.090,541.341,1305.700,176.660,139.250,1932.600,44.500,3330.000,3326.000,10878.500,1103.600,1583.000,112.080,110.410
18/08/2020,2399.370,573.330,543.526,1304.860,176.430,139.391,1999.400,45.460,3387.000,3277.000,11409.250,1103.600,1611.000,112.030,110.441
25/08/2020,2422.950,578.890,540.497,1308.190,175.890,139.313,1911.800,45.860,3443.000,3329.000,11726.250,1103.600,1628.000,112.015,110.434
01/09/2020,2467.250,588.520,543.892,1314.130,175.720,139.578,1970.800,45.580,3527.000,3271.000,12312.500,1103.600,1616.500,112.050,110.469
08/09/2020,2354.410,562.810,541.410,1311.590,176.930,139.563,1935.100,39.780,3335.500,3268.000,11060.500,1103.600,1620.000,112.050,110.449
15/09/2020,2407.970,575.640,543.082,1309.900,174.000,139.672,1958.000,40.530,3405.250,3335.000,11464.250,1103.600,1630.000,112.280,110.453
22/09/2020,2343.390,560.210,541.604,1315.420,174.370,139.625,1899.300,41.720,3299.250,3163.000,11149.500,1103.600,1633.000,112.325,110.469
29/09/2020,2359.630,562.700,541.167,1307.250,174.870,139.781,1894.300,41.030,3333.750,3203.000,11337.750,1103.600,1659.000,112.305,110.484
06/10/2020,2382.570,569.670,541.514,1314.070,174.270,139.047,1901.100,42.650,3353.250,3227.000,11273.750,1103.600,1645.000,112.275,110.430
13/10/2020,2464.180,588.940,543.047,1324.230,175.060,139.203,1888.500,42.450,3504.750,3267.000,12094.000,1103.600,1647.500,112.340,110.441
20/10/2020,2422.710,580.110,543.975,1326.620,175.810,138.703,1910.400,43.160,3432.250,3226.000,11660.750,1103.600,1624.500,112.445,110.449
27/10/2020,2381.650,571.530,545.470,1324.920,175.940,138.844,1908.800,41.200,3383.000,3068.000,11588.000,1103.600,1618.000,112.415,110.426
03/11/2020,2369.270,568.090,543.240,1310.570,176.020,138.094,1910.400,39.710,3361.500,3095.000,11265.750,1103.600,1605.000,112.460,110.383
10/11/2020,2507.100,600.740,544.171,1331.360,174.020,137.438,1876.400,43.610,3541.000,3451.000,11618.250,1103.600,1701.500,112.290,110.336
17/11/2020,2558.430,612.860,548.444,1334.430,175.180,138.297,1885.100,43.750,3606.750,3467.000,11975.000,1103.600,1736.500,112.310,110.359
24/11/2020,2587.190,620.470,549.027,1342.170,175.260,138.250,1804.600,47.860,3632.750,3505.000,12076.000,1103.600,1768.000,112.340,110.387
01/12/2020,2609.010,624.910,550.690,1349.860,174.560,137.844,1814.100,47.420,3660.500,3528.000,12452.250,1103.600,1766.500,112.275,110.359
08/12/2020,2642.050,633.810,554.170,1356.640,175.430,138.219,1870.800,48.840,3702.000,3526.000,12637.500,1103.600,1758.500,112.370,110.406
15/12/2020,2643.740,633.890,555.501,1359.610,178.270,138.297,1852.300,50.760,3694.500,3525.000,12591.750,1103.600,1777.500,112.390,110.465
22/12/2020,2643.070,633.650,555.692,1370.540,177.930,137.984,1866.600,50.080,3677.250,3481.000,12710.000,1103.600,1759.500,112.310,110.480
29/12/2020,2682.190,643.000,557.448,1370.700,177.700,137.922,1879.700,51.090,3720.000,3567.000,12841.000,1103.600,1815.500,112.280,110.477
05/01/2021,2684.180,646.960,559.312,1380.480,177.900,137.844,1954.400,53.600,3718.250,3527.000,12793.500,1103.600,1785.000,112.315,110.477
12/01/2021,2734.400,659.650,553.301,1391.580,176.440,136.391,1844.200,56.580,3794.500,3600.000,12890.250,1103.600,1856.000,112.245,110.426
19/01/2021,2732.480,661.090,554.650,1390.930,177.400,136.938,1840.200,55.900,3790.500,3587.000,12985.500,1103.600,1856.500,112.275,110.461
26/01/2021,2754.120,666.090,555.874,1395.850,177.520,137.375,1850.900,55.910,3842.500,3589.000,13485.500,1103.600,1846.500,112.305,110.473
02/02/2021,2731.950,660.970,551.158,1378.200,176.750,136.938,1830.500,57.460,3818.250,3581.000,13449.000,1103.600,1852.000,112.280,110.473
09/02/2021,2798.550,676.700,552.043,1400.190,176.210,136.719,1835.300,61.090,3905.500,3654.000,13680.250,1103.600,1928.000,112.255,110.453
16/02/2021,2828.150,685.060,549.007,1410.190,174.800,135.781,1797.200,63.350,3927.750,3720.000,13767.750,1103.600,1978.000,112.225,110.445
23/02/2021,2789.210,674.030,547.727,1412.870,174.350,135.422,1804.400,65.370,3878.000,3680.000,13192.000,1103.600,1939.500,112.220,110.473
02/03/2021,2768.250,667.110,544.616,1399.110,174.670,134.641,1733.600,62.700,3867.600,3705.000,13055.250,1103.600,1901.500,112.235,110.449
09/03/2021,2761.820,662.990,538.033,1393.190,171.230,133.406,1716.900,67.520,3873.300,3790.000,12788.750,1103.600,1919.500,112.075,110.352
16/03/2021,2823.690,677.960,537.930,1403.530,171.780,133.078,1730.900,68.390,3962.400,3850.000,13151.500,1103.600,1960.000,112.100,110.379
23/03/2021,2788.010,668.840,538.077,1401.390,171.920,131.922,1725.100,60.790,3899.800,3773.000,13006.250,1103.600,1958.500,112.140,110.383
30/03/2021,2805.100,672.120,533.195,1396.110,171.000,131.188,1683.900,64.140,3947.700,3872.000,12878.250,1103.600,1978.000,112.090,110.387
06/04/2021,2876.230,688.760,537.029,1400.070,171.680,131.688,1741.500,62.740,4064.000,3920.000,13570.000,1103.600,1955.000,112.120,110.281
13/04/2021,2918.190,695.970,538.579,1412.160,171.260,132.078,1746.200,63.670,4132.800,3917.000,13975.750,1103.600,1961.500,112.115,110.293
20/04/2021,2944.050,702.990,541.718,1415.110,170.870,132.547,1774.900,66.510,4127.000,3902.000,13802.750,1103.600,1927.000,112.100,110.293
